[2026-07-07 01:07:56.111] [INF] [HexaStudioDesktop] --- Application Starting --- Version: 0.1.0
[2026-07-07 01:07:56.112] [DBG] [RobotState] RobotState instance created with default state.
[2026-07-07 01:07:56.112] [INF] [HexaCore] Using config file: D:\2.Github\HexaKinetica\HexaMotion\configs\hexacore_config.json
[2026-07-07 01:07:56.112] [INF] [Persistence] Configuration loaded successfully from 'D:\2.Github\HexaKinetica\HexaMotion\configs\hexacore_config.json' (format v1).
[2026-07-07 01:07:56.112] [INF] [RobotState] Applied persisted configuration to RobotState. New config version is 2.
[2026-07-07 01:07:56.113] [INF] [HexaCore] Using runtime config file: D:\2.Github\HexaKinetica\HexaMotion\configs\hexacore_runtime_config.json
[2026-07-07 01:07:56.122] [INF] [KinematicModel] KinematicModel created successfully from URDF (base_link -> flange), 6 DoF.
[2026-07-07 01:07:56.122] [WRN] [KinematicModel] URDF loaded, but not all joint limits were available.
[2026-07-07 01:07:56.122] [INF] [HexaCore] Kinematic model loaded from URDF: D:/2.Github/HexaKinetica/HexaMotion-SDK/robots/HexaArm_Mini_Nema_Assem.SLDASM5/urdf/HexaArm_Mini_Nema_Assem.SLDASM5.urdf
[2026-07-07 01:07:56.122] [WRN] [HexaCore] URDF loaded but limits were not fully available. Using state/default limits.
[2026-07-07 01:07:56.122] [INF] [KdlSolver] KDL Solvers initialized successfully.
[2026-07-07 01:07:56.122] [INF] [HexaCore] Realtime backend: INTERNAL SIMULATION (SimDriver). Set 'realtime_interface' to "udp" or "mks_tcp" in the runtime config to use a real backend.
[2026-07-07 01:07:56.122] [INF] [HexaCore] RDT listen: in-process loopback:30002
[2026-07-07 01:07:56.122] [INF] [HexaCore] Programs directory: D:\2.Github\HexaKinetica\HexaMotion\programs
[2026-07-07 01:07:56.122] [INF] [HexaCore] Resolved URDF path: D:/2.Github/HexaKinetica/HexaMotion-SDK/robots/HexaArm_Mini_Nema_Assem.SLDASM5/urdf/HexaArm_Mini_Nema_Assem.SLDASM5.urdf
[2026-07-07 01:07:56.122] [INF] [HexaCore] Startup mode: INTERNAL SIMULATION
[2026-07-07 01:07:56.122] [INF] [MotionManager] MotionManager created. Cycle: 4ms, Following Error Threshold: 5.00 deg.
[2026-07-07 01:07:56.122] [INF] [RobotCtrl] Initializing RobotController...
[2026-07-07 01:07:56.122] [INF] [HardwareManager] Started in Simulation mode.
[2026-07-07 01:07:56.122] [INF] [MotionManager] Starting RT Loop...
[2026-07-07 01:07:56.122] [INF] [RobotCtrl] RobotController initialized successfully.
[2026-07-07 01:07:56.122] [INF] [LoopbackNetwork] Loopback server listening (in-process, port tag 30002).
[2026-07-07 01:07:56.122] [INF] [HexaCore] Controller stack assembled. Listening on port 30002 for HMI connections.
[2026-07-07 01:07:56.122] [INF] [HexaCore] Controller NRT loop started (internal thread).
[2026-07-07 01:07:56.122] [INF] [MotionManager] RT thread started.
[2026-07-07 01:07:56.122] [DBG] [ClientState] ClientState instance created.
[2026-07-07 01:07:57.017] [DBG] [ClientState] Jog context updated: Frame=0, Tool=0, Base=0
[2026-07-07 01:07:57.017] [DBG] [ClientState] Jog context updated: Frame=0, Tool=0, Base=0
[2026-07-07 01:07:57.035] [INF] [LoopbackNetwork] Loopback server stopped; 0 client(s) disconnected.
[2026-07-07 01:07:57.035] [INF] [HexaCore] Controller runtime stopped.
[2026-07-07 01:07:57.047] [INF] [MotionManager] Stopping RT Loop...
[2026-07-07 01:07:57.052] [INF] [MotionManager] RT thread finishing.
[2026-07-07 01:07:57.052] [INF] [MotionManager] RT Loop stopped and thread joined.
[2026-07-07 01:08:17.595] [INF] [HexaStudioDesktop] --- Application Starting --- Version: 0.1.0
[2026-07-07 01:08:17.595] [DBG] [RobotState] RobotState instance created with default state.
[2026-07-07 01:08:17.595] [INF] [HexaCore] Using config file: D:\2.Github\HexaKinetica\HexaMotion\configs\hexacore_config.json
[2026-07-07 01:08:17.595] [INF] [Persistence] Configuration loaded successfully from 'D:\2.Github\HexaKinetica\HexaMotion\configs\hexacore_config.json' (format v1).
[2026-07-07 01:08:17.595] [INF] [RobotState] Applied persisted configuration to RobotState. New config version is 2.
[2026-07-07 01:08:17.595] [INF] [HexaCore] Using runtime config file: D:\2.Github\HexaKinetica\HexaMotion\configs\hexacore_runtime_config.json
[2026-07-07 01:08:17.617] [INF] [KinematicModel] KinematicModel created successfully from URDF (base_link -> flange), 6 DoF.
[2026-07-07 01:08:17.617] [WRN] [KinematicModel] URDF loaded, but not all joint limits were available.
[2026-07-07 01:08:17.617] [INF] [HexaCore] Kinematic model loaded from URDF: D:/2.Github/HexaKinetica/HexaMotion-SDK/robots/HexaArm_Mini_Nema_Assem.SLDASM5/urdf/HexaArm_Mini_Nema_Assem.SLDASM5.urdf
[2026-07-07 01:08:17.617] [WRN] [HexaCore] URDF loaded but limits were not fully available. Using state/default limits.
[2026-07-07 01:08:17.617] [INF] [KdlSolver] KDL Solvers initialized successfully.
[2026-07-07 01:08:17.617] [INF] [HexaCore] Realtime backend: INTERNAL SIMULATION (SimDriver). Set 'realtime_interface' to "udp" or "mks_tcp" in the runtime config to use a real backend.
[2026-07-07 01:08:17.617] [INF] [HexaCore] RDT listen: in-process loopback:30002
[2026-07-07 01:08:17.617] [INF] [HexaCore] Programs directory: D:\2.Github\HexaKinetica\HexaMotion\programs
[2026-07-07 01:08:17.617] [INF] [HexaCore] Resolved URDF path: D:/2.Github/HexaKinetica/HexaMotion-SDK/robots/HexaArm_Mini_Nema_Assem.SLDASM5/urdf/HexaArm_Mini_Nema_Assem.SLDASM5.urdf
[2026-07-07 01:08:17.617] [INF] [HexaCore] Startup mode: INTERNAL SIMULATION
[2026-07-07 01:08:17.617] [INF] [MotionManager] MotionManager created. Cycle: 4ms, Following Error Threshold: 5.00 deg.
[2026-07-07 01:08:17.617] [INF] [RobotCtrl] Initializing RobotController...
[2026-07-07 01:08:17.617] [INF] [HardwareManager] Started in Simulation mode.
[2026-07-07 01:08:17.617] [INF] [MotionManager] Starting RT Loop...
[2026-07-07 01:08:17.617] [INF] [RobotCtrl] RobotController initialized successfully.
[2026-07-07 01:08:17.617] [INF] [LoopbackNetwork] Loopback server listening (in-process, port tag 30002).
[2026-07-07 01:08:17.617] [INF] [HexaCore] Controller stack assembled. Listening on port 30002 for HMI connections.
[2026-07-07 01:08:17.617] [INF] [HexaCore] Controller NRT loop started (internal thread).
[2026-07-07 01:08:17.617] [DBG] [ClientState] ClientState instance created.
[2026-07-07 01:08:17.618] [INF] [MotionManager] RT thread started.
[2026-07-07 01:08:18.540] [DBG] [ClientState] Jog context updated: Frame=0, Tool=0, Base=0
[2026-07-07 01:08:18.540] [DBG] [ClientState] Jog context updated: Frame=0, Tool=0, Base=0
[2026-07-07 01:08:18.546] [INF] [ClientState] Sync state reset (ACK versions set to 0) to force full resync
[2026-07-07 01:08:18.546] [INF] [LoopbackNetwork] Loopback client connected (handle 1).
[2026-07-07 01:08:18.546] [INF] [RdtServer] Client connected: 1 (loopback)
[2026-07-07 01:08:18.546] [INF] [ClientState] Sync state reset (ACK versions set to 0) to force full resync
[2026-07-07 01:08:18.546] [INF] [RdtClient] Connected to RDT Server.
[2026-07-07 01:08:18.598] [INF] [ClientState] Initial sync complete. Adopted server mode: SIM
[2026-07-07 01:08:18.598] [INF] [ClientState] Synced to new config version 3
[2026-07-07 01:08:18.598] [INF] [ClientState] Synced to new program version 1
[2026-07-07 01:08:18.598] [INF] [ClientState] Synced to new trajectory version 1
[2026-07-07 01:08:19.562] [DBG] [ClientState] Jog context updated: Frame=0, Tool=0, Base=0
[2026-07-07 01:08:19.562] [DBG] [ClientState] Jog context updated: Frame=0, Tool=0, Base=0
[2026-07-07 01:08:19.583] [INF] [KinematicModel] KinematicModel created successfully from URDF (base_link -> flange), 6 DoF.
[2026-07-07 01:08:19.583] [WRN] [KinematicModel] URDF loaded, but not all joint limits were available.
[2026-07-07 01:08:44.667] [WRN] [MotionManager] RT cycle overran its schedule by 17 ms; schedule resynced (missed cycles are dropped, not burst).
[2026-07-07 01:08:49.701] [WRN] [MotionManager] RT cycle overran its schedule by 17 ms; schedule resynced (missed cycles are dropped, not burst).
[2026-07-07 01:08:53.034] [INF] [RdtServer] Client disconnected: 1
[2026-07-07 01:08:53.034] [INF] [RdtClient] Disconnected from RDT Server.
[2026-07-07 01:08:53.047] [INF] [LoopbackNetwork] Loopback server stopped; 0 client(s) disconnected.
[2026-07-07 01:08:53.047] [INF] [HexaCore] Controller runtime stopped.
[2026-07-07 01:08:53.047] [INF] [HexaStudioDesktop] Shutdown complete.
[2026-07-07 01:08:53.199] [INF] [MotionManager] Stopping RT Loop...
[2026-07-07 01:08:53.206] [INF] [MotionManager] RT thread finishing.
[2026-07-07 01:08:53.207] [INF] [MotionManager] RT Loop stopped and thread joined.
[2026-07-07 01:19:45.562] [INF] [HexaStudioDesktop] --- Application Starting --- Version: 0.1.0
[2026-07-07 01:19:45.562] [DBG] [RobotState] RobotState instance created with default state.
[2026-07-07 01:19:45.562] [INF] [HexaCore] Using config file: D:\2.Github\HexaKinetica\HexaMotion\configs\hexacore_config.json
[2026-07-07 01:19:45.562] [INF] [Persistence] Configuration loaded successfully from 'D:\2.Github\HexaKinetica\HexaMotion\configs\hexacore_config.json' (format v1).
[2026-07-07 01:19:45.562] [INF] [RobotState] Applied persisted configuration to RobotState. New config version is 2.
[2026-07-07 01:19:45.563] [INF] [HexaCore] Using runtime config file: D:\2.Github\HexaKinetica\HexaMotion\configs\hexacore_runtime_config.json
[2026-07-07 01:19:45.579] [INF] [KinematicModel] KinematicModel created successfully from URDF (base_link -> flange), 6 DoF.
[2026-07-07 01:19:45.579] [WRN] [KinematicModel] URDF loaded, but not all joint limits were available.
[2026-07-07 01:19:45.579] [INF] [HexaCore] Kinematic model loaded from URDF: D:/2.Github/HexaKinetica/HexaMotion-SDK/robots/HexaArmMedium_Light_GLB/urdf/HexaArmMedium_Light.SLDASM.urdf
[2026-07-07 01:19:45.579] [WRN] [HexaCore] URDF loaded but limits were not fully available. Using state/default limits.
[2026-07-07 01:19:45.579] [INF] [KdlSolver] KDL Solvers initialized successfully.
[2026-07-07 01:19:45.579] [INF] [HexaCore] Realtime backend: INTERNAL SIMULATION (SimDriver). Set 'realtime_interface' to "udp" or "mks_tcp" in the runtime config to use a real backend.
[2026-07-07 01:19:45.579] [INF] [HexaCore] RDT listen: in-process loopback:30002
[2026-07-07 01:19:45.579] [INF] [HexaCore] Programs directory: D:\2.Github\HexaKinetica\HexaMotion\programs
[2026-07-07 01:19:45.579] [INF] [HexaCore] Resolved URDF path: D:/2.Github/HexaKinetica/HexaMotion-SDK/robots/HexaArmMedium_Light_GLB/urdf/HexaArmMedium_Light.SLDASM.urdf
[2026-07-07 01:19:45.579] [INF] [HexaCore] Startup mode: INTERNAL SIMULATION
[2026-07-07 01:19:45.580] [INF] [MotionManager] MotionManager created. Cycle: 4ms, Following Error Threshold: 5.00 deg.
[2026-07-07 01:19:45.580] [INF] [RobotCtrl] Initializing RobotController...
[2026-07-07 01:19:45.580] [INF] [HardwareManager] Started in Simulation mode.
[2026-07-07 01:19:45.580] [INF] [MotionManager] Starting RT Loop...
[2026-07-07 01:19:45.580] [INF] [RobotCtrl] RobotController initialized successfully.
[2026-07-07 01:19:45.580] [INF] [LoopbackNetwork] Loopback server listening (in-process, port tag 30002).
[2026-07-07 01:19:45.580] [INF] [HexaCore] Controller stack assembled. Listening on port 30002 for HMI connections.
[2026-07-07 01:19:45.580] [INF] [HexaCore] Controller NRT loop started (internal thread).
[2026-07-07 01:19:45.580] [DBG] [ClientState] ClientState instance created.
[2026-07-07 01:19:45.580] [INF] [MotionManager] RT thread started.
[2026-07-07 01:19:46.352] [DBG] [ClientState] Jog context updated: Frame=0, Tool=0, Base=0
[2026-07-07 01:19:46.352] [DBG] [ClientState] Jog context updated: Frame=0, Tool=0, Base=0
[2026-07-07 01:19:46.356] [INF] [ClientState] Sync state reset (ACK versions set to 0) to force full resync
[2026-07-07 01:19:46.356] [INF] [LoopbackNetwork] Loopback client connected (handle 1).
[2026-07-07 01:19:46.356] [INF] [RdtServer] Client connected: 1 (loopback)
[2026-07-07 01:19:46.356] [INF] [ClientState] Sync state reset (ACK versions set to 0) to force full resync
[2026-07-07 01:19:46.356] [INF] [RdtClient] Connected to RDT Server.
[2026-07-07 01:19:46.459] [INF] [ClientState] Initial sync complete. Adopted server mode: SIM
[2026-07-07 01:19:46.459] [INF] [ClientState] Synced to new config version 3
[2026-07-07 01:19:46.459] [INF] [ClientState] Synced to new program version 1
[2026-07-07 01:19:46.459] [INF] [ClientState] Synced to new trajectory version 1
[2026-07-07 01:19:46.646] [DBG] [ClientState] Jog context updated: Frame=0, Tool=0, Base=0
[2026-07-07 01:19:46.646] [DBG] [ClientState] Jog context updated: Frame=0, Tool=0, Base=0
[2026-07-07 01:19:46.663] [INF] [KinematicModel] KinematicModel created successfully from URDF (base_link -> flange), 6 DoF.
[2026-07-07 01:19:46.663] [WRN] [KinematicModel] URDF loaded, but not all joint limits were available.
[2026-07-07 01:21:36.980] [INF] [RdtServer] Client disconnected: 1
[2026-07-07 01:21:36.980] [INF] [RdtClient] Disconnected from RDT Server.
[2026-07-07 01:21:36.988] [INF] [LoopbackNetwork] Loopback server stopped; 0 client(s) disconnected.
[2026-07-07 01:21:36.988] [INF] [HexaCore] Controller runtime stopped.
[2026-07-07 01:21:36.988] [INF] [HexaStudioDesktop] Shutdown complete.
[2026-07-07 01:21:37.090] [INF] [MotionManager] Stopping RT Loop...
[2026-07-07 01:21:37.097] [INF] [MotionManager] RT thread finishing.
[2026-07-07 01:21:37.097] [INF] [MotionManager] RT Loop stopped and thread joined.
[2026-07-07 01:25:41.262] [INF] [HexaStudioDesktop] --- Application Starting --- Version: 0.1.0
[2026-07-07 01:25:41.262] [DBG] [RobotState] RobotState instance created with default state.
[2026-07-07 01:25:41.262] [INF] [HexaCore] Using config file: D:\2.Github\HexaKinetica\HexaMotion\configs\hexacore_config.json
[2026-07-07 01:25:41.262] [INF] [Persistence] Configuration loaded successfully from 'D:\2.Github\HexaKinetica\HexaMotion\configs\hexacore_config.json' (format v1).
[2026-07-07 01:25:41.262] [INF] [RobotState] Applied persisted configuration to RobotState. New config version is 2.
[2026-07-07 01:25:41.262] [INF] [HexaCore] Using runtime config file: D:\2.Github\HexaKinetica\HexaMotion\configs\hexacore_runtime_config.json
[2026-07-07 01:25:41.277] [INF] [KinematicModel] KinematicModel created successfully from URDF (base_link -> flange), 6 DoF.
[2026-07-07 01:25:41.277] [WRN] [KinematicModel] URDF loaded, but not all joint limits were available.
[2026-07-07 01:25:41.277] [INF] [HexaCore] Kinematic model loaded from URDF: D:/2.Github/HexaKinetica/HexaMotion-SDK/robots/HexaArmMedium_Light_GLB/urdf/HexaArmMedium_Light.SLDASM.urdf
[2026-07-07 01:25:41.277] [WRN] [HexaCore] URDF loaded but limits were not fully available. Using state/default limits.
[2026-07-07 01:25:41.277] [INF] [KdlSolver] KDL Solvers initialized successfully.
[2026-07-07 01:25:41.277] [INF] [HexaCore] Realtime backend: INTERNAL SIMULATION (SimDriver). Set 'realtime_interface' to "udp" or "mks_tcp" in the runtime config to use a real backend.
[2026-07-07 01:25:41.277] [INF] [HexaCore] RDT listen: in-process loopback:30002
[2026-07-07 01:25:41.277] [INF] [HexaCore] Programs directory: D:\2.Github\HexaKinetica\HexaMotion\programs
[2026-07-07 01:25:41.277] [INF] [HexaCore] Resolved URDF path: D:/2.Github/HexaKinetica/HexaMotion-SDK/robots/HexaArmMedium_Light_GLB/urdf/HexaArmMedium_Light.SLDASM.urdf
[2026-07-07 01:25:41.277] [INF] [HexaCore] Startup mode: INTERNAL SIMULATION
[2026-07-07 01:25:41.277] [INF] [MotionManager] MotionManager created. Cycle: 4ms, Following Error Threshold: 5.00 deg.
[2026-07-07 01:25:41.277] [INF] [RobotCtrl] Initializing RobotController...
[2026-07-07 01:25:41.277] [INF] [HardwareManager] Started in Simulation mode.
[2026-07-07 01:25:41.277] [INF] [MotionManager] Starting RT Loop...
[2026-07-07 01:25:41.277] [INF] [RobotCtrl] RobotController initialized successfully.
[2026-07-07 01:25:41.277] [INF] [LoopbackNetwork] Loopback server listening (in-process, port tag 30002).
[2026-07-07 01:25:41.277] [INF] [HexaCore] Controller stack assembled. Listening on port 30002 for HMI connections.
[2026-07-07 01:25:41.277] [INF] [HexaCore] Controller NRT loop started (internal thread).
[2026-07-07 01:25:41.277] [INF] [MotionManager] RT thread started.
[2026-07-07 01:25:41.277] [DBG] [ClientState] ClientState instance created.
[2026-07-07 01:25:41.901] [DBG] [ClientState] Jog context updated: Frame=0, Tool=0, Base=0
[2026-07-07 01:25:41.901] [DBG] [ClientState] Jog context updated: Frame=0, Tool=0, Base=0
[2026-07-07 01:25:41.906] [INF] [ClientState] Sync state reset (ACK versions set to 0) to force full resync
[2026-07-07 01:25:41.906] [INF] [LoopbackNetwork] Loopback client connected (handle 1).
[2026-07-07 01:25:41.906] [INF] [RdtServer] Client connected: 1 (loopback)
[2026-07-07 01:25:41.906] [INF] [ClientState] Sync state reset (ACK versions set to 0) to force full resync
[2026-07-07 01:25:41.906] [INF] [RdtClient] Connected to RDT Server.
[2026-07-07 01:25:41.943] [INF] [ClientState] Initial sync complete. Adopted server mode: SIM
[2026-07-07 01:25:41.943] [INF] [ClientState] Synced to new config version 3
[2026-07-07 01:25:41.943] [INF] [ClientState] Synced to new program version 1
[2026-07-07 01:25:41.943] [INF] [ClientState] Synced to new trajectory version 1
[2026-07-07 01:25:42.312] [DBG] [ClientState] Jog context updated: Frame=0, Tool=0, Base=0
[2026-07-07 01:25:42.312] [DBG] [ClientState] Jog context updated: Frame=0, Tool=0, Base=0
[2026-07-07 01:25:42.327] [INF] [KinematicModel] KinematicModel created successfully from URDF (base_link -> flange), 6 DoF.
[2026-07-07 01:25:42.327] [WRN] [KinematicModel] URDF loaded, but not all joint limits were available.
[2026-07-07 01:27:36.842] [DBG] [ClientState] Jog context updated: Frame=1, Tool=0, Base=0
[2026-07-07 01:28:36.801] [WRN] [MotionManager] RT cycle overran its schedule by 175 ms; schedule resynced (missed cycles are dropped, not burst).
[2026-07-07 01:29:29.913] [DBG] [ClientState] Jog context updated: Frame=1, Tool=0, Base=0
[2026-07-07 01:29:29.913] [DBG] [ClientState] Jog context updated: Frame=1, Tool=0, Base=0
[2026-07-07 01:29:29.928] [INF] [ClientState] Queued full Config update with ReqID 1
[2026-07-07 01:29:29.941] [INF] [Persistence] Configuration saved successfully to 'D:\2.Github\HexaKinetica\HexaMotion\configs\hexacore_config.json'.
[2026-07-07 01:29:29.941] [INF] [RdtServer] Configuration auto-saved after update
[2026-07-07 01:29:29.957] [INF] [ClientState] Synced to new config version 4
[2026-07-07 01:29:29.957] [INF] [ClientState] Cleared Config buffer after confirmation ID 1
[2026-07-07 01:29:29.961] [DBG] [ClientState] Jog context updated: Frame=1, Tool=0, Base=0
[2026-07-07 01:29:29.961] [DBG] [ClientState] Jog context updated: Frame=1, Tool=0, Base=0
[2026-07-07 01:31:04.047] [INF] [ClientState] Queued FileOperation with ReqID 1
[2026-07-07 01:31:04.059] [INF] [RdtServer] Executing FileOp ReqID
[2026-07-07 01:31:04.128] [INF] [ClientState] Received and cleared FileOp response for ID 1
[2026-07-07 01:31:08.439] [INF] [ClientState] Queued FileOperation with ReqID 2
[2026-07-07 01:31:08.439] [INF] [RdtServer] Executing FileOp ReqID
[2026-07-07 01:31:08.440] [INF] [FileManager] Program 'motion_types_demo.json' loaded successfully (format v2).
[2026-07-07 01:31:08.505] [INF] [ClientState] Received and cleared FileOp response for ID 2
[2026-07-07 01:31:08.518] [INF] [ClientState] Queued Program update with ReqID 1
[2026-07-07 01:31:08.521] [INF] [RobotCtrl] New program version received. Generating trajectory preview...
[2026-07-07 01:31:08.521] [INF] [Interpolator] Created MotionSegment of type 1 with 28 points. Duration: 0.457 s
[2026-07-07 01:31:08.521] [INF] [Interpolator] Created MotionSegment of type 1 with 25 points. Duration: 0.409 s
[2026-07-07 01:31:08.522] [INF] [Interpolator] Created MotionSegment of type 1 with 27 points. Duration: 0.445 s
[2026-07-07 01:31:08.522] [INF] [Interpolator] Created MotionSegment of type 1 with 30 points. Duration: 0.495 s
[2026-07-07 01:31:08.522] [INF] [Interpolator] Created MotionSegment of type 1 with 35 points. Duration: 0.569 s
[2026-07-07 01:31:08.522] [INF] [Interpolator] Created MotionSegment of type 1 with 42 points. Duration: 0.690 s
[2026-07-07 01:31:08.525] [WRN] [KdlSolver] IK failed with KDL error code: -5. Target may be unreachable.
[2026-07-07 01:31:08.525] [ERR] [Interpolator] IK failed during LIN/CIRC segment generation at t=2.767 s
[2026-07-07 01:31:08.525] [WRN] [TrajPlanner] Failed to generate segment for preview. Stopping preview generation.
[2026-07-07 01:31:08.616] [INF] [ClientState] Synced to new program version 2
[2026-07-07 01:31:08.616] [INF] [ClientState] Synced to new trajectory version 2
[2026-07-07 01:31:08.616] [INF] [ClientState] Cleared Program buffer after confirmation ID 1
[2026-07-07 01:31:24.441] [DBG] [ClientState] Jog context updated: Frame=1, Tool=0, Base=0
[2026-07-07 01:31:24.441] [DBG] [ClientState] Jog context updated: Frame=1, Tool=0, Base=0
[2026-07-07 01:31:24.453] [INF] [ClientState] Queued full Config update with ReqID 2
[2026-07-07 01:31:24.460] [INF] [Persistence] Configuration saved successfully to 'D:\2.Github\HexaKinetica\HexaMotion\configs\hexacore_config.json'.
[2026-07-07 01:31:24.460] [INF] [RdtServer] Configuration auto-saved after update
[2026-07-07 01:31:24.473] [INF] [ClientState] Synced to new config version 5
[2026-07-07 01:31:24.473] [INF] [ClientState] Cleared Config buffer after confirmation ID 2
[2026-07-07 01:31:24.494] [DBG] [ClientState] Jog context updated: Frame=1, Tool=0, Base=0
[2026-07-07 01:31:24.494] [DBG] [ClientState] Jog context updated: Frame=1, Tool=0, Base=0
[2026-07-07 01:31:49.550] [DBG] [ClientState] Jog context updated: Frame=1, Tool=0, Base=0
[2026-07-07 01:31:49.550] [DBG] [ClientState] Jog context updated: Frame=1, Tool=0, Base=0
[2026-07-07 01:31:49.559] [INF] [ClientState] Queued full Config update with ReqID 3
[2026-07-07 01:31:49.580] [INF] [Persistence] Configuration saved successfully to 'D:\2.Github\HexaKinetica\HexaMotion\configs\hexacore_config.json'.
[2026-07-07 01:31:49.580] [INF] [RdtServer] Configuration auto-saved after update
[2026-07-07 01:31:49.630] [INF] [ClientState] Synced to new config version 6
[2026-07-07 01:31:49.630] [INF] [ClientState] Cleared Config buffer after confirmation ID 3
[2026-07-07 01:31:49.634] [DBG] [ClientState] Jog context updated: Frame=1, Tool=0, Base=0
[2026-07-07 01:31:49.634] [DBG] [ClientState] Jog context updated: Frame=1, Tool=0, Base=0
[2026-07-07 01:31:51.746] [INF] [ClientState] Queued FileOperation with ReqID 3
[2026-07-07 01:31:51.759] [INF] [RdtServer] Executing FileOp ReqID
[2026-07-07 01:31:51.816] [INF] [ClientState] Received and cleared FileOp response for ID 3
[2026-07-07 01:31:53.591] [INF] [ClientState] Queued FileOperation with ReqID 4
[2026-07-07 01:31:53.599] [INF] [RdtServer] Executing FileOp ReqID
[2026-07-07 01:31:53.599] [INF] [FileManager] Program 'program.json' loaded successfully (format v2).
[2026-07-07 01:31:53.676] [INF] [ClientState] Received and cleared FileOp response for ID 4
[2026-07-07 01:31:53.698] [INF] [ClientState] Queued Program update with ReqID 2
[2026-07-07 01:31:53.705] [INF] [RobotCtrl] New program version received. Generating trajectory preview...
[2026-07-07 01:31:53.705] [INF] [Interpolator] Created MotionSegment of type 1 with 28 points. Duration: 0.452 s
[2026-07-07 01:31:53.706] [INF] [Interpolator] Created MotionSegment of type 1 with 20 points. Duration: 0.333 s
[2026-07-07 01:31:53.706] [INF] [Interpolator] Created MotionSegment of type 1 with 25 points. Duration: 0.408 s
[2026-07-07 01:31:53.787] [INF] [ClientState] Synced to new program version 3
[2026-07-07 01:31:53.787] [INF] [ClientState] Synced to new trajectory version 3
[2026-07-07 01:31:53.787] [INF] [ClientState] Cleared Program buffer after confirmation ID 2
[2026-07-07 01:32:24.160] [INF] [HardwareManager] Mode set to REAL on the built-in simulator backend (no physical driver).
[2026-07-07 01:32:24.160] [INF] [RobotState] Simulation mode updated: REAL
[2026-07-07 01:32:24.160] [INF] [RobotCtrl] Mode switched to REAL
[2026-07-07 01:32:24.160] [INF] [MotionManager] Reset requested.
[2026-07-07 01:32:24.175] [INF] [MotionManager] RT Loop reset complete.
[2026-07-07 01:32:24.175] [INF] [RobotCtrl] State synchronized after mode switch.
[2026-07-07 01:32:26.849] [DBG] [RobotCtrl] Jog cmd: frame=1, axis=0, inc=1, toolId=0, baseId=0
[2026-07-07 01:32:26.850] [DBG] [RobotCtrl] Jog commit: TCP world(mm,deg)=(168.28972781699042, -1635.8327573731751, -1416.5310291236447, -90.00000000000183, -68.5182400992028, -179.9999999999979), IK step=0.10 deg
[2026-07-07 01:32:26.850] [INF] [MotionManager] Reset requested.
[2026-07-07 01:32:26.862] [INF] [MotionManager] RT Loop reset complete.
[2026-07-07 01:32:26.862] [INF] [Interpolator] Created MotionSegment of type 1 with 9 points. Duration: 0.033 s
[2026-07-07 01:32:30.223] [DBG] [RobotCtrl] Jog cmd: frame=1, axis=0, inc=100, toolId=0, baseId=0
[2026-07-07 01:32:30.223] [DBG] [RobotCtrl] Jog commit: TCP world(mm,deg)=(268.2897278169904, -1635.8327573731751, -1416.5310291236447, -90.00000000000183, -68.5182400992028, -179.9999999999979), IK step=9.76 deg
[2026-07-07 01:32:30.223] [INF] [MotionManager] Reset requested.
[2026-07-07 01:32:30.237] [INF] [MotionManager] RT Loop reset complete.
[2026-07-07 01:32:30.254] [INF] [Interpolator] Created MotionSegment of type 1 with 83 points. Duration: 0.329 s
[2026-07-07 01:32:32.301] [DBG] [RobotCtrl] Jog cmd: frame=1, axis=0, inc=-100, toolId=0, baseId=0
[2026-07-07 01:32:32.301] [DBG] [RobotCtrl] Jog commit: TCP world(mm,deg)=(168.28972781699042, -1635.8327573731751, -1416.5310291236447, -90.00000000000183, -68.5182400992028, -179.9999999999979), IK step=9.75 deg
[2026-07-07 01:32:32.301] [INF] [MotionManager] Reset requested.
[2026-07-07 01:32:32.318] [INF] [MotionManager] RT Loop reset complete.
[2026-07-07 01:32:32.332] [INF] [Interpolator] Created MotionSegment of type 1 with 83 points. Duration: 0.329 s
[2026-07-07 01:32:34.701] [DBG] [ClientState] Jog context updated: Frame=0, Tool=0, Base=0
[2026-07-07 01:32:35.549] [DBG] [RobotCtrl] Jog cmd: frame=0, axis=0, inc=10, toolId=0, baseId=0
[2026-07-07 01:32:35.549] [INF] [MotionManager] Reset requested.
[2026-07-07 01:32:35.566] [INF] [MotionManager] RT Loop reset complete.
[2026-07-07 01:32:35.582] [INF] [Interpolator] Created MotionSegment of type 1 with 84 points. Duration: 0.333 s
[2026-07-07 01:32:35.582] [INF] [RobotCtrl] Jog planned successfully to axis 0: 9.999999999999986
[2026-07-07 01:32:37.410] [DBG] [RobotCtrl] Jog cmd: frame=0, axis=0, inc=-10, toolId=0, baseId=0
[2026-07-07 01:32:37.410] [INF] [MotionManager] Reset requested.
[2026-07-07 01:32:37.426] [INF] [MotionManager] RT Loop reset complete.
[2026-07-07 01:32:37.440] [INF] [Interpolator] Created MotionSegment of type 1 with 84 points. Duration: 0.333 s
[2026-07-07 01:32:37.440] [INF] [RobotCtrl] Jog planned successfully to axis 0: -1.4210854715202004e-14
[2026-07-07 01:32:41.456] [DBG] [ClientState] Jog context updated: Frame=1, Tool=0, Base=0
[2026-07-07 01:32:42.534] [DBG] [RobotCtrl] Jog cmd: frame=1, axis=0, inc=100, toolId=0, baseId=0
[2026-07-07 01:32:42.535] [DBG] [RobotCtrl] Jog commit: TCP world(mm,deg)=(268.2897278169904, -1635.8327573731751, -1416.5310291236447, -90.00000000000183, -68.5182400992028, -179.9999999999979), IK step=9.75 deg
[2026-07-07 01:32:42.535] [INF] [MotionManager] Reset requested.
[2026-07-07 01:32:42.537] [INF] [MotionManager] RT Loop reset complete.
[2026-07-07 01:32:42.550] [INF] [Interpolator] Created MotionSegment of type 1 with 83 points. Duration: 0.329 s
[2026-07-07 01:32:46.559] [INF] [ClientState] Queued Program update with ReqID 3
[2026-07-07 01:32:46.565] [INF] [RobotCtrl] New program version received. Generating trajectory preview...
[2026-07-07 01:32:46.565] [INF] [Interpolator] Created MotionSegment of type 1 with 28 points. Duration: 0.452 s
[2026-07-07 01:32:46.565] [INF] [Interpolator] Created MotionSegment of type 1 with 20 points. Duration: 0.333 s
[2026-07-07 01:32:46.565] [INF] [Interpolator] Created MotionSegment of type 1 with 25 points. Duration: 0.408 s
[2026-07-07 01:32:46.565] [INF] [Interpolator] Created MotionSegment of type 1 with 15 points. Duration: 0.248 s
[2026-07-07 01:32:46.630] [INF] [ClientState] Synced to new program version 4
[2026-07-07 01:32:46.630] [INF] [ClientState] Synced to new trajectory version 4
[2026-07-07 01:32:46.630] [INF] [ClientState] Cleared Program buffer after confirmation ID 3
[2026-07-07 01:32:49.661] [INF] [ClientState] Queued Program update with ReqID 4
[2026-07-07 01:32:49.691] [INF] [RobotCtrl] New program version received. Generating trajectory preview...
[2026-07-07 01:32:49.691] [INF] [Interpolator] Created MotionSegment of type 1 with 28 points. Duration: 0.452 s
[2026-07-07 01:32:49.691] [INF] [Interpolator] Created MotionSegment of type 1 with 20 points. Duration: 0.333 s
[2026-07-07 01:32:49.691] [INF] [Interpolator] Created MotionSegment of type 1 with 25 points. Duration: 0.408 s
[2026-07-07 01:32:49.692] [INF] [ClientState] Synced to new program version 5
[2026-07-07 01:32:49.692] [INF] [ClientState] Synced to new trajectory version 5
[2026-07-07 01:32:49.692] [INF] [ClientState] Cleared Program buffer after confirmation ID 4
[2026-07-07 01:32:50.064] [INF] [ClientState] Queued Program update with ReqID 5
[2026-07-07 01:32:50.084] [INF] [RobotCtrl] New program version received. Generating trajectory preview...
[2026-07-07 01:32:50.084] [INF] [Interpolator] Created MotionSegment of type 1 with 28 points. Duration: 0.452 s
[2026-07-07 01:32:50.084] [INF] [Interpolator] Created MotionSegment of type 1 with 20 points. Duration: 0.333 s
[2026-07-07 01:32:50.128] [INF] [ClientState] Synced to new program version 6
[2026-07-07 01:32:50.128] [INF] [ClientState] Synced to new trajectory version 6
[2026-07-07 01:32:50.128] [INF] [ClientState] Cleared Program buffer after confirmation ID 5
[2026-07-07 01:32:50.241] [INF] [ClientState] Queued Program update with ReqID 6
[2026-07-07 01:32:50.268] [INF] [RobotCtrl] New program version received. Generating trajectory preview...
[2026-07-07 01:32:50.268] [INF] [Interpolator] Created MotionSegment of type 1 with 28 points. Duration: 0.452 s
[2026-07-07 01:32:50.347] [INF] [ClientState] Synced to new program version 7
[2026-07-07 01:32:50.347] [INF] [ClientState] Synced to new trajectory version 7
[2026-07-07 01:32:50.347] [INF] [ClientState] Cleared Program buffer after confirmation ID 6
[2026-07-07 01:32:50.441] [INF] [ClientState] Queued Program update with ReqID 7
[2026-07-07 01:32:50.459] [INF] [RobotCtrl] New program version received. Generating trajectory preview...
[2026-07-07 01:32:50.459] [ERR] [RobotCtrl] Program rejected by sequencer: EmptyProgram: the program has no steps; there is nothing to run.
[2026-07-07 01:32:50.460] [INF] [ClientState] Synced to new program version 8
[2026-07-07 01:32:50.460] [INF] [ClientState] Synced to new trajectory version 8
[2026-07-07 01:32:50.460] [INF] [ClientState] Cleared Program buffer after confirmation ID 7
[2026-07-07 01:32:51.924] [INF] [ClientState] Queued Program update with ReqID 8
[2026-07-07 01:32:51.988] [INF] [ClientState] Synced to new program version 9
[2026-07-07 01:32:51.988] [INF] [ClientState] Cleared Program buffer after confirmation ID 8
[2026-07-07 01:33:09.003] [INF] [RobotCtrl] Clear Error Request.
[2026-07-07 01:33:09.003] [INF] [MotionManager] Reset requested.
[2026-07-07 01:33:09.004] [INF] [MotionManager] RT Loop reset complete.
[2026-07-07 01:33:09.018] [INF] [HardwareManager] Forwarding clear-drive-errors request. axis_id=-1
[2026-07-07 01:33:09.018] [WRN] [RobotCtrl] Jog rejected: JOG is not enabled.
[2026-07-07 01:33:09.018] [INF] [RobotCtrl] New program version received. Generating trajectory preview...
[2026-07-07 01:33:09.018] [INF] [Interpolator] Created MotionSegment of type 1 with 1 points. Duration: 0.000 s
[2026-07-07 01:33:09.052] [INF] [ClientState] Synced to new trajectory version 9
[2026-07-07 01:33:14.629] [DBG] [RobotCtrl] Jog cmd: frame=1, axis=0, inc=-100, toolId=0, baseId=0
[2026-07-07 01:33:14.629] [DBG] [RobotCtrl] Jog commit: TCP world(mm,deg)=(168.28972781699042, -1635.8327573731751, -1416.5310291236447, -90.00000000000183, -68.5182400992028, -179.9999999999979), IK step=9.75 deg
[2026-07-07 01:33:14.629] [INF] [MotionManager] Reset requested.
[2026-07-07 01:33:14.643] [INF] [MotionManager] RT Loop reset complete.
[2026-07-07 01:33:14.659] [INF] [Interpolator] Created MotionSegment of type 1 with 83 points. Duration: 0.329 s
[2026-07-07 01:33:16.019] [DBG] [RobotCtrl] Jog cmd: frame=1, axis=0, inc=-100, toolId=0, baseId=0
[2026-07-07 01:33:16.019] [DBG] [RobotCtrl] Jog commit: TCP world(mm,deg)=(68.28972781699042, -1635.8327573731751, -1416.5310291236447, -90.00000000000183, -68.5182400992028, -179.9999999999979), IK step=10.67 deg
[2026-07-07 01:33:16.019] [INF] [MotionManager] Reset requested.
[2026-07-07 01:33:16.019] [INF] [MotionManager] RT Loop reset complete.
[2026-07-07 01:33:16.035] [INF] [Interpolator] Created MotionSegment of type 1 with 87 points. Duration: 0.344 s
[2026-07-07 01:33:17.822] [INF] [ClientState] Queued Program update with ReqID 9
[2026-07-07 01:33:17.846] [INF] [RobotCtrl] New program version received. Generating trajectory preview...
[2026-07-07 01:33:17.846] [INF] [Interpolator] Created MotionSegment of type 1 with 20 points. Duration: 0.329 s
[2026-07-07 01:33:17.846] [INF] [Interpolator] Created MotionSegment of type 1 with 20 points. Duration: 0.329 s
[2026-07-07 01:33:17.909] [INF] [ClientState] Synced to new program version 10
[2026-07-07 01:33:17.909] [INF] [ClientState] Synced to new trajectory version 10
[2026-07-07 01:33:17.909] [INF] [ClientState] Cleared Program buffer after confirmation ID 9
[2026-07-07 01:33:53.276] [WRN] [MotionManager] RT cycle overran its schedule by 16 ms; schedule resynced (missed cycles are dropped, not burst).
[2026-07-07 01:34:08.364] [INF] [HardwareManager] Forwarding homing request. mode=REAL, driver=simulation, axis_id=0
[2026-07-07 01:34:08.365] [INF] [SimDriver] Sim homing: axis 1 -> logical 0.
[2026-07-07 01:34:08.365] [INF] [MotionManager] Reset requested.
[2026-07-07 01:34:08.377] [INF] [MotionManager] RT Loop reset complete.
[2026-07-07 01:34:08.378] [INF] [RobotCtrl] Sim homing complete for axis 0; RT hold resynced.
[2026-07-07 01:34:11.770] [INF] [RobotCtrl] Mastering request for axis 1
[2026-07-07 01:34:11.770] [INF] [MotionManager] Reset requested.
[2026-07-07 01:34:11.786] [INF] [MotionManager] RT Loop reset complete.
[2026-07-07 01:34:11.799] [INF] [RobotCtrl] Set Zero for axis 1 applied to the simulator; RT hold resynced.
[2026-07-07 01:34:13.331] [INF] [HardwareManager] Forwarding homing request. mode=REAL, driver=simulation, axis_id=2
[2026-07-07 01:34:13.331] [INF] [SimDriver] Sim homing: axis 3 -> logical 0.
[2026-07-07 01:34:13.331] [INF] [MotionManager] Reset requested.
[2026-07-07 01:34:13.346] [INF] [MotionManager] RT Loop reset complete.
[2026-07-07 01:34:13.362] [INF] [RobotCtrl] Sim homing complete for axis 2; RT hold resynced.
[2026-07-07 01:34:56.455] [INF] [RdtServer] Client disconnected: 1
[2026-07-07 01:34:56.455] [INF] [RdtClient] Disconnected from RDT Server.
[2026-07-07 01:34:56.457] [INF] [LoopbackNetwork] Loopback server stopped; 0 client(s) disconnected.
[2026-07-07 01:34:56.457] [INF] [HexaCore] Controller runtime stopped.
[2026-07-07 01:34:56.457] [INF] [HexaStudioDesktop] Shutdown complete.
[2026-07-07 01:34:56.575] [INF] [MotionManager] Stopping RT Loop...
[2026-07-07 01:34:56.581] [INF] [MotionManager] RT thread finishing.
[2026-07-07 01:34:56.582] [INF] [MotionManager] RT Loop stopped and thread joined.
[2026-07-07 01:37:02.407] [INF] [HexaStudioDesktop] --- Application Starting --- Version: 0.1.0
[2026-07-07 01:37:02.407] [DBG] [RobotState] RobotState instance created with default state.
[2026-07-07 01:37:02.407] [INF] [HexaCore] Using config file: D:\2.Github\HexaKinetica\HexaMotion\configs\hexacore_config.json
[2026-07-07 01:37:02.407] [INF] [Persistence] Configuration loaded successfully from 'D:\2.Github\HexaKinetica\HexaMotion\configs\hexacore_config.json' (format v1).
[2026-07-07 01:37:02.407] [INF] [RobotState] Applied persisted configuration to RobotState. New config version is 2.
[2026-07-07 01:37:02.407] [INF] [HexaCore] Using runtime config file: D:\2.Github\HexaKinetica\HexaMotion\configs\hexacore_runtime_config.json
[2026-07-07 01:37:02.415] [INF] [KinematicModel] KinematicModel created successfully from URDF (base_link -> flange), 6 DoF.
[2026-07-07 01:37:02.415] [WRN] [KinematicModel] URDF loaded, but not all joint limits were available.
[2026-07-07 01:37:02.415] [INF] [HexaCore] Kinematic model loaded from URDF: D:/2.Github/HexaKinetica/HexaMotion-SDK/robots/HexaArmMedium_Light_GLB/urdf/HexaArmMedium_Light.SLDASM.urdf
[2026-07-07 01:37:02.415] [WRN] [HexaCore] URDF loaded but limits were not fully available. Using state/default limits.
[2026-07-07 01:37:02.415] [INF] [KdlSolver] KDL Solvers initialized successfully.
[2026-07-07 01:37:02.415] [INF] [HexaCore] Realtime backend: INTERNAL SIMULATION (SimDriver). Set 'realtime_interface' to "udp" or "mks_tcp" in the runtime config to use a real backend.
[2026-07-07 01:37:02.415] [INF] [HexaCore] RDT listen: in-process loopback:30002
[2026-07-07 01:37:02.415] [INF] [HexaCore] Programs directory: D:\2.Github\HexaKinetica\HexaMotion\programs
[2026-07-07 01:37:02.415] [INF] [HexaCore] Resolved URDF path: D:/2.Github/HexaKinetica/HexaMotion-SDK/robots/HexaArmMedium_Light_GLB/urdf/HexaArmMedium_Light.SLDASM.urdf
[2026-07-07 01:37:02.415] [INF] [HexaCore] Startup mode: INTERNAL SIMULATION
[2026-07-07 01:37:02.415] [INF] [MotionManager] MotionManager created. Cycle: 4ms, Following Error Threshold: 5.00 deg.
[2026-07-07 01:37:02.415] [INF] [RobotCtrl] Initializing RobotController...
[2026-07-07 01:37:02.415] [INF] [HardwareManager] Started in Simulation mode.
[2026-07-07 01:37:02.416] [INF] [MotionManager] Starting RT Loop...
[2026-07-07 01:37:02.416] [INF] [RobotCtrl] RobotController initialized successfully.
[2026-07-07 01:37:02.416] [INF] [LoopbackNetwork] Loopback server listening (in-process, port tag 30002).
[2026-07-07 01:37:02.416] [INF] [HexaCore] Controller stack assembled. Listening on port 30002 for HMI connections.
[2026-07-07 01:37:02.416] [INF] [HexaCore] Controller NRT loop started (internal thread).
[2026-07-07 01:37:02.416] [DBG] [ClientState] ClientState instance created.
[2026-07-07 01:37:02.416] [INF] [MotionManager] RT thread started.
[2026-07-07 01:37:03.210] [DBG] [ClientState] Jog context updated: Frame=0, Tool=0, Base=0
[2026-07-07 01:37:03.210] [DBG] [ClientState] Jog context updated: Frame=0, Tool=0, Base=0
[2026-07-07 01:37:03.221] [INF] [LoopbackNetwork] Loopback server stopped; 0 client(s) disconnected.
[2026-07-07 01:37:03.221] [INF] [HexaCore] Controller runtime stopped.
[2026-07-07 01:37:03.232] [INF] [MotionManager] Stopping RT Loop...
[2026-07-07 01:37:03.238] [INF] [MotionManager] RT thread finishing.
[2026-07-07 01:37:03.239] [INF] [MotionManager] RT Loop stopped and thread joined.
[2026-07-07 01:37:40.889] [INF] [HexaStudioDesktop] --- Application Starting --- Version: 0.1.0
[2026-07-07 01:37:40.890] [DBG] [RobotState] RobotState instance created with default state.
[2026-07-07 01:37:40.890] [INF] [HexaCore] Using config file: D:\2.Github\HexaKinetica\HexaMotion\configs\hexacore_config.json
[2026-07-07 01:37:40.891] [INF] [Persistence] Configuration loaded successfully from 'D:\2.Github\HexaKinetica\HexaMotion\configs\hexacore_config.json' (format v1).
[2026-07-07 01:37:40.891] [INF] [RobotState] Applied persisted configuration to RobotState. New config version is 2.
[2026-07-07 01:37:40.891] [INF] [HexaCore] Using runtime config file: D:\2.Github\HexaKinetica\HexaMotion\configs\hexacore_runtime_config.json
[2026-07-07 01:37:40.905] [INF] [KinematicModel] KinematicModel created successfully from URDF (base_link -> flange), 6 DoF.
[2026-07-07 01:37:40.905] [WRN] [KinematicModel] URDF loaded, but not all joint limits were available.
[2026-07-07 01:37:40.905] [INF] [HexaCore] Kinematic model loaded from URDF: D:/2.Github/HexaKinetica/HexaMotion-SDK/robots/HexaArmMedium_Light_GLB/urdf/HexaArmMedium_Light.SLDASM.urdf
[2026-07-07 01:37:40.905] [WRN] [HexaCore] URDF loaded but limits were not fully available. Using state/default limits.
[2026-07-07 01:37:40.905] [INF] [KdlSolver] KDL Solvers initialized successfully.
[2026-07-07 01:37:40.905] [INF] [HexaCore] Realtime backend: INTERNAL SIMULATION (SimDriver). Set 'realtime_interface' to "udp" or "mks_tcp" in the runtime config to use a real backend.
[2026-07-07 01:37:40.905] [INF] [HexaCore] RDT listen: in-process loopback:30002
[2026-07-07 01:37:40.905] [INF] [HexaCore] Programs directory: D:\2.Github\HexaKinetica\HexaMotion\programs
[2026-07-07 01:37:40.905] [INF] [HexaCore] Resolved URDF path: D:/2.Github/HexaKinetica/HexaMotion-SDK/robots/HexaArmMedium_Light_GLB/urdf/HexaArmMedium_Light.SLDASM.urdf
[2026-07-07 01:37:40.905] [INF] [HexaCore] Startup mode: INTERNAL SIMULATION
[2026-07-07 01:37:40.905] [INF] [MotionManager] MotionManager created. Cycle: 4ms, Following Error Threshold: 5.00 deg.
[2026-07-07 01:37:40.905] [INF] [RobotCtrl] Initializing RobotController...
[2026-07-07 01:37:40.905] [INF] [HardwareManager] Started in Simulation mode.
[2026-07-07 01:37:40.905] [INF] [MotionManager] Starting RT Loop...
[2026-07-07 01:37:40.905] [INF] [RobotCtrl] RobotController initialized successfully.
[2026-07-07 01:37:40.905] [INF] [LoopbackNetwork] Loopback server listening (in-process, port tag 30002).
[2026-07-07 01:37:40.905] [INF] [HexaCore] Controller stack assembled. Listening on port 30002 for HMI connections.
[2026-07-07 01:37:40.905] [INF] [HexaCore] Controller NRT loop started (internal thread).
[2026-07-07 01:37:40.905] [DBG] [ClientState] ClientState instance created.
[2026-07-07 01:37:40.905] [INF] [MotionManager] RT thread started.
[2026-07-07 01:37:41.718] [DBG] [ClientState] Jog context updated: Frame=0, Tool=0, Base=0
[2026-07-07 01:37:41.718] [DBG] [ClientState] Jog context updated: Frame=0, Tool=0, Base=0
[2026-07-07 01:37:41.722] [INF] [ClientState] Sync state reset (ACK versions set to 0) to force full resync
[2026-07-07 01:37:41.722] [INF] [LoopbackNetwork] Loopback client connected (handle 1).
[2026-07-07 01:37:41.722] [INF] [RdtServer] Client connected: 1 (loopback)
[2026-07-07 01:37:41.722] [INF] [ClientState] Sync state reset (ACK versions set to 0) to force full resync
[2026-07-07 01:37:41.722] [INF] [RdtClient] Connected to RDT Server.
[2026-07-07 01:37:41.787] [INF] [ClientState] Initial sync complete. Adopted server mode: SIM
[2026-07-07 01:37:41.787] [INF] [ClientState] Synced to new config version 3
[2026-07-07 01:37:41.787] [INF] [ClientState] Synced to new program version 1
[2026-07-07 01:37:41.787] [INF] [ClientState] Synced to new trajectory version 1
[2026-07-07 01:37:42.012] [DBG] [ClientState] Jog context updated: Frame=0, Tool=0, Base=0
[2026-07-07 01:37:42.012] [DBG] [ClientState] Jog context updated: Frame=0, Tool=0, Base=0
[2026-07-07 01:37:42.028] [INF] [KinematicModel] KinematicModel created successfully from URDF (base_link -> flange), 6 DoF.
[2026-07-07 01:37:42.028] [WRN] [KinematicModel] URDF loaded, but not all joint limits were available.
[2026-07-07 01:38:03.113] [INF] [HardwareManager] Mode set to REAL on the built-in simulator backend (no physical driver).
[2026-07-07 01:38:03.113] [INF] [RobotState] Simulation mode updated: REAL
[2026-07-07 01:38:03.113] [INF] [RobotCtrl] Mode switched to REAL
[2026-07-07 01:38:03.113] [INF] [MotionManager] Reset requested.
[2026-07-07 01:38:03.114] [INF] [MotionManager] RT Loop reset complete.
[2026-07-07 01:38:03.128] [INF] [RobotCtrl] State synchronized after mode switch.
[2026-07-07 01:38:05.598] [DBG] [RobotCtrl] Jog cmd: frame=0, axis=0, inc=1, toolId=0, baseId=0
[2026-07-07 01:38:05.598] [INF] [MotionManager] Reset requested.
[2026-07-07 01:38:05.612] [INF] [MotionManager] RT Loop reset complete.
[2026-07-07 01:38:05.629] [INF] [Interpolator] Created MotionSegment of type 1 with 27 points. Duration: 0.105 s
[2026-07-07 01:38:05.629] [INF] [RobotCtrl] Jog planned successfully to axis 0: 1
[2026-07-07 01:38:08.957] [DBG] [RobotCtrl] Jog cmd: frame=0, axis=0, inc=-1, toolId=0, baseId=0
[2026-07-07 01:38:08.957] [INF] [MotionManager] Reset requested.
[2026-07-07 01:38:08.971] [INF] [MotionManager] RT Loop reset complete.
[2026-07-07 01:38:08.988] [INF] [Interpolator] Created MotionSegment of type 1 with 27 points. Duration: 0.105 s
[2026-07-07 01:38:08.988] [INF] [RobotCtrl] Jog planned successfully to axis 0: 0
[2026-07-07 01:38:14.091] [DBG] [ClientState] Jog context updated: Frame=1, Tool=0, Base=0
[2026-07-07 01:38:15.411] [DBG] [RobotCtrl] Jog cmd: frame=1, axis=2, inc=-1, toolId=0, baseId=0
[2026-07-07 01:38:15.411] [DBG] [RobotCtrl] Jog commit: TCP world(mm,deg)=(-525.9999999999977, -1.5646441440448557, 762.6999793731752, 1.2474695237673903e-13, -7.727637021104767e-13, 111.48175990079721), IK step=0.11 deg
[2026-07-07 01:38:15.411] [INF] [MotionManager] Reset requested.
[2026-07-07 01:38:15.427] [INF] [MotionManager] RT Loop reset complete.
[2026-07-07 01:38:15.440] [INF] [Interpolator] Created MotionSegment of type 1 with 9 points. Duration: 0.035 s
[2026-07-07 01:38:19.051] [DBG] [RobotCtrl] Jog cmd: frame=1, axis=2, inc=100, toolId=0, baseId=0
[2026-07-07 01:38:19.051] [DBG] [RobotCtrl] Jog commit: TCP world(mm,deg)=(-525.9999999999977, -1.5646441440448557, 862.6999793731752, 1.2474695237673903e-13, -7.727637021104767e-13, 111.48175990079721), IK step=11.87 deg
[2026-07-07 01:38:19.051] [INF] [MotionManager] Reset requested.
[2026-07-07 01:38:19.052] [INF] [MotionManager] RT Loop reset complete.
[2026-07-07 01:38:19.066] [INF] [Interpolator] Created MotionSegment of type 1 with 91 points. Duration: 0.363 s
[2026-07-07 01:39:02.466] [WRN] [MotionManager] RT cycle overran its schedule by 16 ms; schedule resynced (missed cycles are dropped, not burst).
[2026-07-07 01:39:31.550] [DBG] [RobotCtrl] Jog cmd: frame=1, axis=2, inc=-100, toolId=0, baseId=0
[2026-07-07 01:39:31.550] [DBG] [RobotCtrl] Jog commit: TCP world(mm,deg)=(-525.9999999999977, -1.5646441440448557, 762.6999793731752, 1.2474695237673903e-13, -7.727637021104767e-13, 111.48175990079721), IK step=11.88 deg
[2026-07-07 01:39:31.550] [INF] [MotionManager] Reset requested.
[2026-07-07 01:39:31.551] [INF] [MotionManager] RT Loop reset complete.
[2026-07-07 01:39:31.567] [INF] [Interpolator] Created MotionSegment of type 1 with 91 points. Duration: 0.363 s
[2026-07-07 01:39:32.800] [DBG] [RobotCtrl] Jog cmd: frame=1, axis=2, inc=-100, toolId=0, baseId=0
[2026-07-07 01:39:32.800] [DBG] [RobotCtrl] Jog commit: TCP world(mm,deg)=(-525.9999999999977, -1.5646441440448557, 662.6999793731752, 1.2474695237673903e-13, -7.727637021104767e-13, 111.48175990079721), IK step=10.95 deg
[2026-07-07 01:39:32.800] [INF] [MotionManager] Reset requested.
[2026-07-07 01:39:32.801] [INF] [MotionManager] RT Loop reset complete.
[2026-07-07 01:39:32.815] [INF] [Interpolator] Created MotionSegment of type 1 with 88 points. Duration: 0.349 s
[2026-07-07 01:39:34.129] [DBG] [RobotCtrl] Jog cmd: frame=1, axis=1, inc=-100, toolId=0, baseId=0
[2026-07-07 01:39:34.129] [DBG] [RobotCtrl] Jog commit: TCP world(mm,deg)=(-525.9999999999977, -101.56464414404486, 662.6999793731752, 1.2474695237673903e-13, -7.727637021104767e-13, 111.48175990079721), IK step=10.76 deg
[2026-07-07 01:39:34.129] [INF] [MotionManager] Reset requested.
[2026-07-07 01:39:34.144] [INF] [MotionManager] RT Loop reset complete.
[2026-07-07 01:39:34.159] [INF] [Interpolator] Created MotionSegment of type 1 with 87 points. Duration: 0.346 s
[2026-07-07 01:39:35.069] [DBG] [RobotCtrl] Jog cmd: frame=1, axis=1, inc=-100, toolId=0, baseId=0
[2026-07-07 01:39:35.069] [DBG] [RobotCtrl] Jog commit: TCP world(mm,deg)=(-525.9999999999977, -201.56464414404485, 662.6999793731752, 1.2474695237673903e-13, -7.727637021104767e-13, 111.48175990079721), IK step=10.04 deg
[2026-07-07 01:39:35.069] [INF] [MotionManager] Reset requested.
[2026-07-07 01:39:35.083] [INF] [MotionManager] RT Loop reset complete.
[2026-07-07 01:39:35.098] [INF] [Interpolator] Created MotionSegment of type 1 with 84 points. Duration: 0.334 s
[2026-07-07 01:39:36.349] [DBG] [RobotCtrl] Jog cmd: frame=1, axis=1, inc=100, toolId=0, baseId=0
[2026-07-07 01:39:36.349] [DBG] [RobotCtrl] Jog commit: TCP world(mm,deg)=(-525.9999999999977, -101.56464414404485, 662.6999793731752, 1.2474695237673903e-13, -7.727637021104767e-13, 111.48175990079721), IK step=10.05 deg
[2026-07-07 01:39:36.349] [INF] [MotionManager] Reset requested.
[2026-07-07 01:39:36.364] [INF] [MotionManager] RT Loop reset complete.
[2026-07-07 01:39:36.379] [INF] [Interpolator] Created MotionSegment of type 1 with 84 points. Duration: 0.334 s
[2026-07-07 01:39:37.240] [DBG] [RobotCtrl] Jog cmd: frame=1, axis=1, inc=100, toolId=0, baseId=0
[2026-07-07 01:39:37.240] [DBG] [RobotCtrl] Jog commit: TCP world(mm,deg)=(-525.9999999999977, -1.5646441440448484, 662.6999793731752, 1.2474695237673903e-13, -7.727637021104767e-13, 111.48175990079721), IK step=10.76 deg
[2026-07-07 01:39:37.240] [INF] [MotionManager] Reset requested.
[2026-07-07 01:39:37.253] [INF] [MotionManager] RT Loop reset complete.
[2026-07-07 01:39:37.269] [INF] [Interpolator] Created MotionSegment of type 1 with 87 points. Duration: 0.346 s
[2026-07-07 01:39:38.177] [DBG] [RobotCtrl] Jog cmd: frame=1, axis=1, inc=100, toolId=0, baseId=0
[2026-07-07 01:39:38.177] [DBG] [RobotCtrl] Jog commit: TCP world(mm,deg)=(-525.9999999999977, 98.43535585595515, 662.6999793731752, 1.2474695237673903e-13, -7.727637021104767e-13, 111.48175990079721), IK step=10.76 deg
[2026-07-07 01:39:38.177] [INF] [MotionManager] Reset requested.
[2026-07-07 01:39:38.190] [INF] [MotionManager] RT Loop reset complete.
[2026-07-07 01:39:38.206] [INF] [Interpolator] Created MotionSegment of type 1 with 87 points. Duration: 0.346 s
[2026-07-07 01:39:38.956] [DBG] [RobotCtrl] Jog cmd: frame=1, axis=1, inc=100, toolId=0, baseId=0
[2026-07-07 01:39:38.956] [DBG] [RobotCtrl] Jog commit: TCP world(mm,deg)=(-525.9999999999977, 198.43535585595515, 662.6999793731752, 1.2474695237673903e-13, -7.727637021104767e-13, 111.48175990079721), IK step=10.06 deg
[2026-07-07 01:39:38.956] [INF] [MotionManager] Reset requested.
[2026-07-07 01:39:38.957] [INF] [MotionManager] RT Loop reset complete.
[2026-07-07 01:39:38.972] [INF] [Interpolator] Created MotionSegment of type 1 with 84 points. Duration: 0.334 s
[2026-07-07 01:39:39.708] [DBG] [RobotCtrl] Jog cmd: frame=1, axis=1, inc=100, toolId=0, baseId=0
[2026-07-07 01:39:39.708] [DBG] [RobotCtrl] Jog commit: TCP world(mm,deg)=(-525.9999999999977, 298.43535585595515, 662.6999793731752, 1.2474695237673903e-13, -7.727637021104767e-13, 111.48175990079721), IK step=8.89 deg
[2026-07-07 01:39:39.708] [INF] [MotionManager] Reset requested.
[2026-07-07 01:39:39.722] [INF] [MotionManager] RT Loop reset complete.
[2026-07-07 01:39:39.737] [INF] [Interpolator] Created MotionSegment of type 1 with 79 points. Duration: 0.314 s
[2026-07-07 01:39:40.659] [DBG] [RobotCtrl] Jog cmd: frame=1, axis=1, inc=100, toolId=0, baseId=0
[2026-07-07 01:39:40.659] [DBG] [RobotCtrl] Jog commit: TCP world(mm,deg)=(-525.9999999999977, 398.43535585595515, 662.6999793731752, 1.2474695237673903e-13, -7.727637021104767e-13, 111.48175990079721), IK step=7.56 deg
[2026-07-07 01:39:40.659] [INF] [MotionManager] Reset requested.
[2026-07-07 01:39:40.663] [INF] [MotionManager] RT Loop reset complete.
[2026-07-07 01:39:40.674] [INF] [Interpolator] Created MotionSegment of type 1 with 73 points. Duration: 0.290 s
[2026-07-07 01:39:41.520] [DBG] [RobotCtrl] Jog cmd: frame=1, axis=1, inc=100, toolId=0, baseId=0
[2026-07-07 01:39:41.520] [DBG] [RobotCtrl] Jog commit: TCP world(mm,deg)=(-525.9999999999977, 498.43535585595515, 662.6999793731752, 1.2474695237673903e-13, -7.727637021104767e-13, 111.48175990079721), IK step=8.38 deg
[2026-07-07 01:39:41.520] [INF] [MotionManager] Reset requested.
[2026-07-07 01:39:41.534] [INF] [MotionManager] RT Loop reset complete.
[2026-07-07 01:39:41.550] [INF] [Interpolator] Created MotionSegment of type 1 with 77 points. Duration: 0.305 s
[2026-07-07 01:39:42.318] [DBG] [RobotCtrl] Jog cmd: frame=1, axis=1, inc=100, toolId=0, baseId=0
[2026-07-07 01:39:42.318] [DBG] [RobotCtrl] Jog commit: TCP world(mm,deg)=(-525.9999999999977, 598.4353558559551, 662.6999793731752, 1.2474695237673903e-13, -7.727637021104767e-13, 111.48175990079721), IK step=10.68 deg
[2026-07-07 01:39:42.318] [INF] [MotionManager] Reset requested.
[2026-07-07 01:39:42.331] [INF] [MotionManager] RT Loop reset complete.
[2026-07-07 01:39:42.346] [INF] [Interpolator] Created MotionSegment of type 1 with 87 points. Duration: 0.344 s
[2026-07-07 01:41:10.948] [WRN] [MotionManager] RT cycle overran its schedule by 18 ms; schedule resynced (missed cycles are dropped, not burst).
[2026-07-07 01:41:33.915] [WRN] [MotionManager] RT cycle overran its schedule by 186 ms; schedule resynced (missed cycles are dropped, not burst).
[2026-07-07 01:43:40.404] [INF] [ClientState] Queued FileOperation with ReqID 1
[2026-07-07 01:43:40.407] [INF] [RdtServer] Executing FileOp ReqID
[2026-07-07 01:43:40.459] [INF] [ClientState] Received and cleared FileOp response for ID 1
[2026-07-07 01:43:43.389] [INF] [ClientState] Queued FileOperation with ReqID 2
[2026-07-07 01:43:43.407] [INF] [RdtServer] Executing FileOp ReqID
[2026-07-07 01:43:43.408] [INF] [FileManager] Program 'motion_types_demo.json' loaded successfully (format v2).
[2026-07-07 01:43:43.409] [INF] [ClientState] Received and cleared FileOp response for ID 2
[2026-07-07 01:43:43.427] [INF] [ClientState] Queued Program update with ReqID 1
[2026-07-07 01:43:43.455] [INF] [RobotCtrl] New program version received. Generating trajectory preview...
[2026-07-07 01:43:43.456] [INF] [Interpolator] Created MotionSegment of type 1 with 39 points. Duration: 0.647 s
[2026-07-07 01:43:43.456] [INF] [Interpolator] Created MotionSegment of type 1 with 25 points. Duration: 0.409 s
[2026-07-07 01:43:43.456] [INF] [Interpolator] Created MotionSegment of type 1 with 27 points. Duration: 0.445 s
[2026-07-07 01:43:43.456] [INF] [Interpolator] Created MotionSegment of type 1 with 30 points. Duration: 0.495 s
[2026-07-07 01:43:43.456] [INF] [Interpolator] Created MotionSegment of type 1 with 35 points. Duration: 0.569 s
[2026-07-07 01:43:43.456] [INF] [Interpolator] Created MotionSegment of type 1 with 42 points. Duration: 0.690 s
[2026-07-07 01:43:43.457] [INF] [Interpolator] Created MotionSegment of type 3 with 119 points. Duration: 1.968 s
[2026-07-07 01:43:43.457] [INF] [Interpolator] Created MotionSegment of type 3 with 40 points. Duration: 0.664 s
[2026-07-07 01:43:43.458] [INF] [Interpolator] Created MotionSegment of type 3 with 40 points. Duration: 0.664 s
[2026-07-07 01:43:43.458] [INF] [Interpolator] Created MotionSegment of type 3 with 40 points. Duration: 0.664 s
[2026-07-07 01:43:43.458] [INF] [Interpolator] Created MotionSegment of type 3 with 40 points. Duration: 0.664 s
[2026-07-07 01:43:43.459] [INF] [Interpolator] Created MotionSegment of type 3 with 40 points. Duration: 0.664 s
[2026-07-07 01:43:43.459] [INF] [Interpolator] Created MotionSegment of type 3 with 19 points. Duration: 0.316 s
[2026-07-07 01:43:43.459] [INF] [Interpolator] Created MotionSegment of type 5 with 65 points. Duration: 1.071 s
[2026-07-07 01:43:43.459] [INF] [Interpolator] Created MotionSegment of type 3 with 19 points. Duration: 0.316 s
[2026-07-07 01:43:43.461] [INF] [Interpolator] Created SPLINE MotionSegment: 5 authored point(s), 188 rendered points, duration 3.121 s.
[2026-07-07 01:43:43.523] [INF] [ClientState] Synced to new program version 2
[2026-07-07 01:43:43.523] [INF] [ClientState] Synced to new trajectory version 2
[2026-07-07 01:43:43.523] [INF] [ClientState] Cleared Program buffer after confirmation ID 1
[2026-07-07 01:43:50.649] [INF] [ClientState] Queued Program update with ReqID 2
[2026-07-07 01:43:50.677] [INF] [RobotCtrl] Starting program: SyncedProgram
[2026-07-07 01:43:50.677] [INF] [RobotCtrl] New program version received. Generating trajectory preview...
[2026-07-07 01:43:50.677] [INF] [Interpolator] Created MotionSegment of type 1 with 39 points. Duration: 0.647 s
[2026-07-07 01:43:50.677] [INF] [Interpolator] Created MotionSegment of type 1 with 25 points. Duration: 0.409 s
[2026-07-07 01:43:50.677] [INF] [Interpolator] Created MotionSegment of type 1 with 27 points. Duration: 0.445 s
[2026-07-07 01:43:50.677] [INF] [Interpolator] Created MotionSegment of type 1 with 30 points. Duration: 0.495 s
[2026-07-07 01:43:50.677] [INF] [Interpolator] Created MotionSegment of type 1 with 35 points. Duration: 0.569 s
[2026-07-07 01:43:50.677] [INF] [Interpolator] Created MotionSegment of type 1 with 42 points. Duration: 0.690 s
[2026-07-07 01:43:50.678] [INF] [Interpolator] Created MotionSegment of type 3 with 119 points. Duration: 1.968 s
[2026-07-07 01:43:50.678] [INF] [Interpolator] Created MotionSegment of type 3 with 40 points. Duration: 0.664 s
[2026-07-07 01:43:50.679] [INF] [Interpolator] Created MotionSegment of type 3 with 40 points. Duration: 0.664 s
[2026-07-07 01:43:50.679] [INF] [Interpolator] Created MotionSegment of type 3 with 40 points. Duration: 0.664 s
[2026-07-07 01:43:50.679] [INF] [Interpolator] Created MotionSegment of type 3 with 40 points. Duration: 0.664 s
[2026-07-07 01:43:50.679] [INF] [Interpolator] Created MotionSegment of type 3 with 40 points. Duration: 0.664 s
[2026-07-07 01:43:50.679] [INF] [Interpolator] Created MotionSegment of type 3 with 19 points. Duration: 0.316 s
[2026-07-07 01:43:50.680] [INF] [Interpolator] Created MotionSegment of type 5 with 65 points. Duration: 1.071 s
[2026-07-07 01:43:50.680] [INF] [Interpolator] Created MotionSegment of type 3 with 19 points. Duration: 0.316 s
[2026-07-07 01:43:50.681] [INF] [Interpolator] Created SPLINE MotionSegment: 5 authored point(s), 188 rendered points, duration 3.121 s.
[2026-07-07 01:43:50.681] [INF] [Interpolator] Created MotionSegment of type 1 with 162 points. Duration: 0.647 s
[2026-07-07 01:43:50.681] [INF] [Interpolator] Created MotionSegment of type 1 with 103 points. Duration: 0.409 s
[2026-07-07 01:43:50.681] [INF] [Interpolator] Created MotionSegment of type 1 with 112 points. Duration: 0.445 s
[2026-07-07 01:43:50.682] [INF] [Interpolator] Created MotionSegment of type 1 with 124 points. Duration: 0.495 s
[2026-07-07 01:43:50.682] [INF] [Interpolator] Created MotionSegment of type 1 with 143 points. Duration: 0.569 s
[2026-07-07 01:43:50.682] [INF] [Interpolator] Created MotionSegment of type 1 with 173 points. Duration: 0.690 s
[2026-07-07 01:43:50.682] [INF] [TrajPlanner] planMotionChain: fused 6 waypoint(s) into 812 continuous points.
[2026-07-07 01:43:50.744] [INF] [ClientState] Synced to new program version 3
[2026-07-07 01:43:50.744] [INF] [ClientState] Synced to new trajectory version 3
[2026-07-07 01:43:50.744] [INF] [ClientState] Cleared Program buffer after confirmation ID 2
[2026-07-07 01:43:50.943] [CRT] [MotionManager] Following Error on Axis 2! Error: 5.55 deg, Limit: 5.00 deg. Entering ERROR state.
[2026-07-07 01:43:50.956] [ERR] [RobotCtrl] Safety Error Detected! Code: 12
[2026-07-07 01:43:50.956] [WRN] [TrajPlanner] Trajectory override requested. Clearing all buffers.
[2026-07-07 01:43:50.956] [INF] [MotionManager] Reset requested.
[2026-07-07 01:43:50.973] [INF] [MotionManager] RT Loop reset complete.
[2026-07-07 01:43:50.988] [INF] [Interpolator] Created MotionSegment of type 1 with 1 points. Duration: 0.000 s
[2026-07-07 01:43:50.989] [INF] [RobotCtrl] Program stopped.
[2026-07-07 01:44:07.909] [INF] [RobotCtrl] Clear Error Request.
[2026-07-07 01:44:07.909] [INF] [MotionManager] Reset requested.
[2026-07-07 01:44:07.924] [INF] [MotionManager] RT Loop reset complete.
[2026-07-07 01:44:07.940] [INF] [HardwareManager] Forwarding clear-drive-errors request. axis_id=-1
[2026-07-07 01:44:13.523] [INF] [ClientState] Queued Program update with ReqID 3
[2026-07-07 01:44:13.535] [INF] [RobotCtrl] Starting program: SyncedProgram
[2026-07-07 01:44:13.535] [INF] [RobotCtrl] New program version received. Generating trajectory preview...
[2026-07-07 01:44:13.535] [INF] [Interpolator] Created MotionSegment of type 1 with 32 points. Duration: 0.518 s
[2026-07-07 01:44:13.535] [INF] [Interpolator] Created MotionSegment of type 1 with 25 points. Duration: 0.409 s
[2026-07-07 01:44:13.535] [INF] [Interpolator] Created MotionSegment of type 1 with 27 points. Duration: 0.445 s
[2026-07-07 01:44:13.535] [INF] [Interpolator] Created MotionSegment of type 1 with 30 points. Duration: 0.495 s
[2026-07-07 01:44:13.535] [INF] [Interpolator] Created MotionSegment of type 1 with 35 points. Duration: 0.569 s
[2026-07-07 01:44:13.535] [INF] [Interpolator] Created MotionSegment of type 1 with 42 points. Duration: 0.690 s
[2026-07-07 01:44:13.537] [INF] [Interpolator] Created MotionSegment of type 3 with 119 points. Duration: 1.968 s
[2026-07-07 01:44:13.537] [INF] [Interpolator] Created MotionSegment of type 3 with 40 points. Duration: 0.664 s
[2026-07-07 01:44:13.537] [INF] [Interpolator] Created MotionSegment of type 3 with 40 points. Duration: 0.664 s
[2026-07-07 01:44:13.538] [INF] [Interpolator] Created MotionSegment of type 3 with 40 points. Duration: 0.664 s
[2026-07-07 01:44:13.538] [INF] [Interpolator] Created MotionSegment of type 3 with 40 points. Duration: 0.664 s
[2026-07-07 01:44:13.538] [INF] [Interpolator] Created MotionSegment of type 3 with 40 points. Duration: 0.664 s
[2026-07-07 01:44:13.538] [INF] [Interpolator] Created MotionSegment of type 3 with 19 points. Duration: 0.316 s
[2026-07-07 01:44:13.539] [INF] [Interpolator] Created MotionSegment of type 5 with 65 points. Duration: 1.071 s
[2026-07-07 01:44:13.539] [INF] [Interpolator] Created MotionSegment of type 3 with 19 points. Duration: 0.316 s
[2026-07-07 01:44:13.541] [INF] [Interpolator] Created SPLINE MotionSegment: 5 authored point(s), 188 rendered points, duration 3.121 s.
[2026-07-07 01:44:13.541] [INF] [Interpolator] Created MotionSegment of type 1 with 130 points. Duration: 0.518 s
[2026-07-07 01:44:13.541] [INF] [Interpolator] Created MotionSegment of type 1 with 103 points. Duration: 0.409 s
[2026-07-07 01:44:13.541] [INF] [Interpolator] Created MotionSegment of type 1 with 112 points. Duration: 0.445 s
[2026-07-07 01:44:13.541] [INF] [Interpolator] Created MotionSegment of type 1 with 124 points. Duration: 0.495 s
[2026-07-07 01:44:13.542] [INF] [Interpolator] Created MotionSegment of type 1 with 143 points. Duration: 0.569 s
[2026-07-07 01:44:13.542] [INF] [Interpolator] Created MotionSegment of type 1 with 173 points. Duration: 0.690 s
[2026-07-07 01:44:13.542] [INF] [TrajPlanner] planMotionChain: fused 6 waypoint(s) into 780 continuous points.
[2026-07-07 01:44:13.600] [INF] [ClientState] Synced to new program version 4
[2026-07-07 01:44:13.600] [INF] [ClientState] Synced to new trajectory version 4
[2026-07-07 01:44:13.600] [INF] [ClientState] Cleared Program buffer after confirmation ID 3
[2026-07-07 01:44:13.800] [CRT] [MotionManager] Following Error on Axis 2! Error: 5.09 deg, Limit: 5.00 deg. Entering ERROR state.
[2026-07-07 01:44:13.802] [ERR] [RobotCtrl] Safety Error Detected! Code: 12
[2026-07-07 01:44:13.802] [WRN] [TrajPlanner] Trajectory override requested. Clearing all buffers.
[2026-07-07 01:44:13.802] [INF] [MotionManager] Reset requested.
[2026-07-07 01:44:13.818] [INF] [MotionManager] RT Loop reset complete.
[2026-07-07 01:44:13.831] [INF] [Interpolator] Created MotionSegment of type 1 with 1 points. Duration: 0.000 s
[2026-07-07 01:44:13.831] [INF] [RobotCtrl] Program stopped.
[2026-07-07 01:44:20.409] [INF] [RobotCtrl] Clear Error Request.
[2026-07-07 01:44:20.409] [INF] [MotionManager] Reset requested.
[2026-07-07 01:44:20.425] [INF] [MotionManager] RT Loop reset complete.
[2026-07-07 01:44:20.440] [INF] [HardwareManager] Forwarding clear-drive-errors request. axis_id=-1
[2026-07-07 01:44:30.375] [INF] [ClientState] Queued Program update with ReqID 4
[2026-07-07 01:44:30.395] [INF] [RobotCtrl] New program version received. Generating trajectory preview...
[2026-07-07 01:44:30.395] [INF] [Interpolator] Created MotionSegment of type 1 with 24 points. Duration: 0.390 s
[2026-07-07 01:44:30.395] [INF] [Interpolator] Created MotionSegment of type 1 with 25 points. Duration: 0.409 s
[2026-07-07 01:44:30.395] [INF] [Interpolator] Created MotionSegment of type 1 with 27 points. Duration: 0.445 s
[2026-07-07 01:44:30.395] [INF] [Interpolator] Created MotionSegment of type 1 with 30 points. Duration: 0.495 s
[2026-07-07 01:44:30.395] [INF] [Interpolator] Created MotionSegment of type 1 with 35 points. Duration: 0.569 s
[2026-07-07 01:44:30.395] [INF] [Interpolator] Created MotionSegment of type 1 with 42 points. Duration: 0.690 s
[2026-07-07 01:44:30.396] [INF] [Interpolator] Created MotionSegment of type 3 with 119 points. Duration: 1.968 s
[2026-07-07 01:44:30.397] [INF] [Interpolator] Created MotionSegment of type 3 with 40 points. Duration: 0.664 s
[2026-07-07 01:44:30.397] [INF] [Interpolator] Created MotionSegment of type 3 with 40 points. Duration: 0.664 s
[2026-07-07 01:44:30.397] [INF] [Interpolator] Created MotionSegment of type 3 with 40 points. Duration: 0.664 s
[2026-07-07 01:44:30.397] [INF] [Interpolator] Created MotionSegment of type 3 with 40 points. Duration: 0.664 s
[2026-07-07 01:44:30.397] [INF] [Interpolator] Created MotionSegment of type 3 with 40 points. Duration: 0.664 s
[2026-07-07 01:44:30.398] [INF] [Interpolator] Created MotionSegment of type 3 with 19 points. Duration: 0.316 s
[2026-07-07 01:44:30.398] [INF] [Interpolator] Created MotionSegment of type 5 with 65 points. Duration: 1.071 s
[2026-07-07 01:44:30.398] [INF] [Interpolator] Created MotionSegment of type 3 with 19 points. Duration: 0.316 s
[2026-07-07 01:44:30.400] [INF] [Interpolator] Created SPLINE MotionSegment: 5 authored point(s), 188 rendered points, duration 3.121 s.
[2026-07-07 01:44:30.462] [INF] [ClientState] Synced to new program version 5
[2026-07-07 01:44:30.462] [INF] [ClientState] Synced to new trajectory version 5
[2026-07-07 01:44:30.462] [INF] [ClientState] Cleared Program buffer after confirmation ID 4
[2026-07-07 01:44:36.068] [INF] [ClientState] Queued Program update with ReqID 5
[2026-07-07 01:44:36.097] [INF] [RobotCtrl] New program version received. Generating trajectory preview...
[2026-07-07 01:44:36.097] [INF] [Interpolator] Created MotionSegment of type 1 with 24 points. Duration: 0.390 s
[2026-07-07 01:44:36.097] [INF] [Interpolator] Created MotionSegment of type 1 with 27 points. Duration: 0.442 s
[2026-07-07 01:44:36.097] [INF] [Interpolator] Created MotionSegment of type 1 with 30 points. Duration: 0.495 s
[2026-07-07 01:44:36.097] [INF] [Interpolator] Created MotionSegment of type 1 with 35 points. Duration: 0.569 s
[2026-07-07 01:44:36.097] [INF] [Interpolator] Created MotionSegment of type 1 with 42 points. Duration: 0.690 s
[2026-07-07 01:44:36.098] [INF] [Interpolator] Created MotionSegment of type 3 with 119 points. Duration: 1.968 s
[2026-07-07 01:44:36.099] [INF] [Interpolator] Created MotionSegment of type 3 with 40 points. Duration: 0.664 s
[2026-07-07 01:44:36.099] [INF] [Interpolator] Created MotionSegment of type 3 with 40 points. Duration: 0.664 s
[2026-07-07 01:44:36.099] [INF] [Interpolator] Created MotionSegment of type 3 with 40 points. Duration: 0.664 s
[2026-07-07 01:44:36.100] [INF] [Interpolator] Created MotionSegment of type 3 with 40 points. Duration: 0.664 s
[2026-07-07 01:44:36.100] [INF] [Interpolator] Created MotionSegment of type 3 with 40 points. Duration: 0.664 s
[2026-07-07 01:44:36.100] [INF] [Interpolator] Created MotionSegment of type 3 with 19 points. Duration: 0.316 s
[2026-07-07 01:44:36.101] [INF] [Interpolator] Created MotionSegment of type 5 with 65 points. Duration: 1.071 s
[2026-07-07 01:44:36.101] [INF] [Interpolator] Created MotionSegment of type 3 with 19 points. Duration: 0.316 s
[2026-07-07 01:44:36.102] [INF] [Interpolator] Created SPLINE MotionSegment: 5 authored point(s), 188 rendered points, duration 3.121 s.
[2026-07-07 01:44:36.148] [INF] [ClientState] Synced to new program version 6
[2026-07-07 01:44:36.148] [INF] [ClientState] Synced to new trajectory version 6
[2026-07-07 01:44:36.148] [INF] [ClientState] Cleared Program buffer after confirmation ID 5
[2026-07-07 01:44:36.610] [INF] [ClientState] Queued Program update with ReqID 6
[2026-07-07 01:44:36.631] [INF] [RobotCtrl] New program version received. Generating trajectory preview...
[2026-07-07 01:44:36.631] [INF] [Interpolator] Created MotionSegment of type 1 with 24 points. Duration: 0.390 s
[2026-07-07 01:44:36.631] [INF] [Interpolator] Created MotionSegment of type 1 with 33 points. Duration: 0.536 s
[2026-07-07 01:44:36.631] [INF] [Interpolator] Created MotionSegment of type 1 with 35 points. Duration: 0.569 s
[2026-07-07 01:44:36.631] [INF] [Interpolator] Created MotionSegment of type 1 with 42 points. Duration: 0.690 s
[2026-07-07 01:44:36.632] [INF] [Interpolator] Created MotionSegment of type 3 with 119 points. Duration: 1.968 s
[2026-07-07 01:44:36.632] [INF] [Interpolator] Created MotionSegment of type 3 with 40 points. Duration: 0.664 s
[2026-07-07 01:44:36.633] [INF] [Interpolator] Created MotionSegment of type 3 with 40 points. Duration: 0.664 s
[2026-07-07 01:44:36.633] [INF] [Interpolator] Created MotionSegment of type 3 with 40 points. Duration: 0.664 s
[2026-07-07 01:44:36.634] [INF] [Interpolator] Created MotionSegment of type 3 with 40 points. Duration: 0.664 s
[2026-07-07 01:44:36.634] [INF] [Interpolator] Created MotionSegment of type 3 with 40 points. Duration: 0.664 s
[2026-07-07 01:44:36.634] [INF] [Interpolator] Created MotionSegment of type 3 with 19 points. Duration: 0.316 s
[2026-07-07 01:44:36.635] [INF] [Interpolator] Created MotionSegment of type 5 with 65 points. Duration: 1.071 s
[2026-07-07 01:44:36.635] [INF] [Interpolator] Created MotionSegment of type 3 with 19 points. Duration: 0.316 s
[2026-07-07 01:44:36.637] [INF] [Interpolator] Created SPLINE MotionSegment: 5 authored point(s), 188 rendered points, duration 3.121 s.
[2026-07-07 01:44:36.694] [INF] [ClientState] Synced to new program version 7
[2026-07-07 01:44:36.694] [INF] [ClientState] Synced to new trajectory version 7
[2026-07-07 01:44:36.694] [INF] [ClientState] Cleared Program buffer after confirmation ID 6
[2026-07-07 01:44:38.588] [INF] [ClientState] Queued Program update with ReqID 7
[2026-07-07 01:44:38.612] [INF] [RobotCtrl] New program version received. Generating trajectory preview...
[2026-07-07 01:44:38.612] [INF] [Interpolator] Created MotionSegment of type 1 with 24 points. Duration: 0.390 s
[2026-07-07 01:44:38.612] [INF] [Interpolator] Created MotionSegment of type 1 with 37 points. Duration: 0.606 s
[2026-07-07 01:44:38.612] [INF] [Interpolator] Created MotionSegment of type 1 with 42 points. Duration: 0.690 s
[2026-07-07 01:44:38.613] [INF] [Interpolator] Created MotionSegment of type 3 with 119 points. Duration: 1.968 s
[2026-07-07 01:44:38.614] [INF] [Interpolator] Created MotionSegment of type 3 with 40 points. Duration: 0.664 s
[2026-07-07 01:44:38.614] [INF] [Interpolator] Created MotionSegment of type 3 with 40 points. Duration: 0.664 s
[2026-07-07 01:44:38.615] [INF] [Interpolator] Created MotionSegment of type 3 with 40 points. Duration: 0.664 s
[2026-07-07 01:44:38.615] [INF] [Interpolator] Created MotionSegment of type 3 with 40 points. Duration: 0.664 s
[2026-07-07 01:44:38.615] [INF] [Interpolator] Created MotionSegment of type 3 with 40 points. Duration: 0.664 s
[2026-07-07 01:44:38.615] [INF] [Interpolator] Created MotionSegment of type 3 with 19 points. Duration: 0.316 s
[2026-07-07 01:44:38.616] [INF] [Interpolator] Created MotionSegment of type 5 with 65 points. Duration: 1.071 s
[2026-07-07 01:44:38.616] [INF] [Interpolator] Created MotionSegment of type 3 with 19 points. Duration: 0.316 s
[2026-07-07 01:44:38.617] [INF] [Interpolator] Created SPLINE MotionSegment: 5 authored point(s), 188 rendered points, duration 3.121 s.
[2026-07-07 01:44:38.664] [INF] [ClientState] Synced to new program version 8
[2026-07-07 01:44:38.664] [INF] [ClientState] Synced to new trajectory version 8
[2026-07-07 01:44:38.664] [INF] [ClientState] Cleared Program buffer after confirmation ID 7
[2026-07-07 01:44:39.579] [INF] [ClientState] Queued Program update with ReqID 8
[2026-07-07 01:44:39.599] [INF] [RobotCtrl] New program version received. Generating trajectory preview...
[2026-07-07 01:44:39.599] [INF] [Interpolator] Created MotionSegment of type 1 with 24 points. Duration: 0.390 s
[2026-07-07 01:44:39.599] [INF] [Interpolator] Created MotionSegment of type 1 with 41 points. Duration: 0.671 s
[2026-07-07 01:44:39.600] [INF] [Interpolator] Created MotionSegment of type 3 with 119 points. Duration: 1.968 s
[2026-07-07 01:44:39.601] [INF] [Interpolator] Created MotionSegment of type 3 with 40 points. Duration: 0.664 s
[2026-07-07 01:44:39.601] [INF] [Interpolator] Created MotionSegment of type 3 with 40 points. Duration: 0.664 s
[2026-07-07 01:44:39.602] [INF] [Interpolator] Created MotionSegment of type 3 with 40 points. Duration: 0.664 s
[2026-07-07 01:44:39.602] [INF] [Interpolator] Created MotionSegment of type 3 with 40 points. Duration: 0.664 s
[2026-07-07 01:44:39.602] [INF] [Interpolator] Created MotionSegment of type 3 with 40 points. Duration: 0.664 s
[2026-07-07 01:44:39.602] [INF] [Interpolator] Created MotionSegment of type 3 with 19 points. Duration: 0.316 s
[2026-07-07 01:44:39.603] [INF] [Interpolator] Created MotionSegment of type 5 with 65 points. Duration: 1.071 s
[2026-07-07 01:44:39.603] [INF] [Interpolator] Created MotionSegment of type 3 with 19 points. Duration: 0.316 s
[2026-07-07 01:44:39.604] [INF] [Interpolator] Created SPLINE MotionSegment: 5 authored point(s), 188 rendered points, duration 3.121 s.
[2026-07-07 01:44:39.650] [INF] [ClientState] Synced to new program version 9
[2026-07-07 01:44:39.650] [INF] [ClientState] Synced to new trajectory version 9
[2026-07-07 01:44:39.650] [INF] [ClientState] Cleared Program buffer after confirmation ID 8
[2026-07-07 01:44:40.501] [INF] [ClientState] Queued Program update with ReqID 9
[2026-07-07 01:44:40.519] [INF] [RobotCtrl] New program version received. Generating trajectory preview...
[2026-07-07 01:44:40.519] [INF] [Interpolator] Created MotionSegment of type 1 with 24 points. Duration: 0.390 s
[2026-07-07 01:44:40.519] [INF] [Interpolator] Created MotionSegment of type 3 with 66 points. Duration: 1.084 s
[2026-07-07 01:44:40.520] [INF] [Interpolator] Created MotionSegment of type 3 with 40 points. Duration: 0.664 s
[2026-07-07 01:44:40.520] [INF] [Interpolator] Created MotionSegment of type 3 with 40 points. Duration: 0.664 s
[2026-07-07 01:44:40.520] [INF] [Interpolator] Created MotionSegment of type 3 with 40 points. Duration: 0.664 s
[2026-07-07 01:44:40.521] [INF] [Interpolator] Created MotionSegment of type 3 with 40 points. Duration: 0.664 s
[2026-07-07 01:44:40.521] [INF] [Interpolator] Created MotionSegment of type 3 with 40 points. Duration: 0.664 s
[2026-07-07 01:44:40.521] [INF] [Interpolator] Created MotionSegment of type 3 with 19 points. Duration: 0.316 s
[2026-07-07 01:44:40.521] [INF] [Interpolator] Created MotionSegment of type 5 with 65 points. Duration: 1.071 s
[2026-07-07 01:44:40.521] [INF] [Interpolator] Created MotionSegment of type 3 with 19 points. Duration: 0.316 s
[2026-07-07 01:44:40.523] [INF] [Interpolator] Created SPLINE MotionSegment: 5 authored point(s), 188 rendered points, duration 3.121 s.
[2026-07-07 01:44:40.527] [INF] [ClientState] Synced to new program version 10
[2026-07-07 01:44:40.527] [INF] [ClientState] Synced to new trajectory version 10
[2026-07-07 01:44:40.527] [INF] [ClientState] Cleared Program buffer after confirmation ID 9
[2026-07-07 01:44:41.161] [INF] [ClientState] Queued Program update with ReqID 10
[2026-07-07 01:44:41.174] [INF] [RobotCtrl] New program version received. Generating trajectory preview...
[2026-07-07 01:44:41.174] [INF] [Interpolator] Created MotionSegment of type 1 with 24 points. Duration: 0.390 s
[2026-07-07 01:44:41.175] [INF] [Interpolator] Created MotionSegment of type 3 with 66 points. Duration: 1.084 s
[2026-07-07 01:44:41.175] [INF] [Interpolator] Created MotionSegment of type 3 with 40 points. Duration: 0.664 s
[2026-07-07 01:44:41.176] [INF] [Interpolator] Created MotionSegment of type 3 with 40 points. Duration: 0.664 s
[2026-07-07 01:44:41.176] [INF] [Interpolator] Created MotionSegment of type 3 with 40 points. Duration: 0.664 s
[2026-07-07 01:44:41.176] [INF] [Interpolator] Created MotionSegment of type 3 with 40 points. Duration: 0.664 s
[2026-07-07 01:44:41.176] [INF] [Interpolator] Created MotionSegment of type 3 with 40 points. Duration: 0.664 s
[2026-07-07 01:44:41.177] [INF] [Interpolator] Created MotionSegment of type 3 with 19 points. Duration: 0.316 s
[2026-07-07 01:44:41.177] [INF] [Interpolator] Created MotionSegment of type 5 with 65 points. Duration: 1.071 s
[2026-07-07 01:44:41.177] [INF] [Interpolator] Created MotionSegment of type 3 with 19 points. Duration: 0.316 s
[2026-07-07 01:44:41.178] [INF] [Interpolator] Created SPLINE MotionSegment: 5 authored point(s), 188 rendered points, duration 3.121 s.
[2026-07-07 01:44:41.183] [INF] [ClientState] Synced to new program version 11
[2026-07-07 01:44:41.183] [INF] [ClientState] Synced to new trajectory version 11
[2026-07-07 01:44:41.183] [INF] [ClientState] Cleared Program buffer after confirmation ID 10
[2026-07-07 01:44:54.097] [INF] [ClientState] Queued Program update with ReqID 11
[2026-07-07 01:44:54.115] [INF] [RobotCtrl] Starting program: SyncedProgram
[2026-07-07 01:44:54.115] [INF] [RobotCtrl] New program version received. Generating trajectory preview...
[2026-07-07 01:44:54.115] [INF] [Interpolator] Created MotionSegment of type 1 with 24 points. Duration: 0.390 s
[2026-07-07 01:44:54.115] [INF] [Interpolator] Created MotionSegment of type 3 with 66 points. Duration: 1.084 s
[2026-07-07 01:44:54.116] [INF] [Interpolator] Created MotionSegment of type 3 with 40 points. Duration: 0.664 s
[2026-07-07 01:44:54.116] [INF] [Interpolator] Created MotionSegment of type 3 with 40 points. Duration: 0.664 s
[2026-07-07 01:44:54.116] [INF] [Interpolator] Created MotionSegment of type 3 with 40 points. Duration: 0.664 s
[2026-07-07 01:44:54.117] [INF] [Interpolator] Created MotionSegment of type 3 with 40 points. Duration: 0.664 s
[2026-07-07 01:44:54.117] [INF] [Interpolator] Created MotionSegment of type 3 with 40 points. Duration: 0.664 s
[2026-07-07 01:44:54.117] [INF] [Interpolator] Created MotionSegment of type 3 with 19 points. Duration: 0.316 s
[2026-07-07 01:44:54.117] [INF] [Interpolator] Created MotionSegment of type 5 with 65 points. Duration: 1.071 s
[2026-07-07 01:44:54.117] [INF] [Interpolator] Created MotionSegment of type 3 with 19 points. Duration: 0.316 s
[2026-07-07 01:44:54.118] [INF] [Interpolator] Created SPLINE MotionSegment: 5 authored point(s), 188 rendered points, duration 3.121 s.
[2026-07-07 01:44:54.119] [INF] [Interpolator] Created MotionSegment of type 1 with 98 points. Duration: 0.390 s
[2026-07-07 01:44:54.120] [INF] [Interpolator] Created MotionSegment of type 3 with 272 points. Duration: 1.084 s
[2026-07-07 01:44:54.121] [INF] [Interpolator] Created MotionSegment of type 3 with 167 points. Duration: 0.664 s
[2026-07-07 01:44:54.122] [INF] [Interpolator] Created MotionSegment of type 3 with 167 points. Duration: 0.664 s
[2026-07-07 01:44:54.122] [INF] [Interpolator] Created MotionSegment of type 3 with 167 points. Duration: 0.664 s
[2026-07-07 01:44:54.123] [INF] [Interpolator] Created MotionSegment of type 3 with 167 points. Duration: 0.664 s
[2026-07-07 01:44:54.124] [INF] [Interpolator] Created MotionSegment of type 3 with 167 points. Duration: 0.664 s
[2026-07-07 01:44:54.124] [INF] [TrajPlanner] planMotionChain: fused 7 waypoint(s) into 1199 continuous points.
[2026-07-07 01:44:54.195] [INF] [ClientState] Synced to new program version 12
[2026-07-07 01:44:54.195] [INF] [ClientState] Synced to new trajectory version 12
[2026-07-07 01:44:54.195] [INF] [ClientState] Cleared Program buffer after confirmation ID 11
[2026-07-07 01:44:55.363] [CRT] [MotionManager] Following Error on Axis 5! Error: 5.07 deg, Limit: 5.00 deg. Entering ERROR state.
[2026-07-07 01:44:55.377] [ERR] [RobotCtrl] Safety Error Detected! Code: 12
[2026-07-07 01:44:55.377] [WRN] [TrajPlanner] Trajectory override requested. Clearing all buffers.
[2026-07-07 01:44:55.378] [INF] [MotionManager] Reset requested.
[2026-07-07 01:44:55.393] [INF] [MotionManager] RT Loop reset complete.
[2026-07-07 01:44:55.409] [INF] [Interpolator] Created MotionSegment of type 1 with 1 points. Duration: 0.000 s
[2026-07-07 01:44:55.409] [INF] [RobotCtrl] Program stopped.
[2026-07-07 01:45:00.752] [INF] [RobotCtrl] Clear Error Request.
[2026-07-07 01:45:00.752] [INF] [MotionManager] Reset requested.
[2026-07-07 01:45:00.755] [INF] [MotionManager] RT Loop reset complete.
[2026-07-07 01:45:00.768] [INF] [HardwareManager] Forwarding clear-drive-errors request. axis_id=-1
[2026-07-07 01:45:04.853] [INF] [ClientState] Queued Program update with ReqID 12
[2026-07-07 01:45:04.881] [INF] [RobotCtrl] Starting program: SyncedProgram
[2026-07-07 01:45:04.881] [INF] [RobotCtrl] New program version received. Generating trajectory preview...
[2026-07-07 01:45:04.881] [INF] [Interpolator] Created MotionSegment of type 1 with 32 points. Duration: 0.527 s
[2026-07-07 01:45:04.882] [INF] [Interpolator] Created MotionSegment of type 3 with 66 points. Duration: 1.084 s
[2026-07-07 01:45:04.882] [INF] [Interpolator] Created MotionSegment of type 3 with 40 points. Duration: 0.664 s
[2026-07-07 01:45:04.882] [INF] [Interpolator] Created MotionSegment of type 3 with 40 points. Duration: 0.664 s
[2026-07-07 01:45:04.883] [INF] [Interpolator] Created MotionSegment of type 3 with 40 points. Duration: 0.664 s
[2026-07-07 01:45:04.883] [INF] [Interpolator] Created MotionSegment of type 3 with 40 points. Duration: 0.664 s
[2026-07-07 01:45:04.883] [INF] [Interpolator] Created MotionSegment of type 3 with 40 points. Duration: 0.664 s
[2026-07-07 01:45:04.883] [INF] [Interpolator] Created MotionSegment of type 3 with 19 points. Duration: 0.316 s
[2026-07-07 01:45:04.884] [INF] [Interpolator] Created MotionSegment of type 5 with 65 points. Duration: 1.071 s
[2026-07-07 01:45:04.884] [INF] [Interpolator] Created MotionSegment of type 3 with 19 points. Duration: 0.316 s
[2026-07-07 01:45:04.885] [INF] [Interpolator] Created SPLINE MotionSegment: 5 authored point(s), 188 rendered points, duration 3.121 s.
[2026-07-07 01:45:04.885] [INF] [Interpolator] Created MotionSegment of type 1 with 132 points. Duration: 0.527 s
[2026-07-07 01:45:04.886] [INF] [Interpolator] Created MotionSegment of type 3 with 272 points. Duration: 1.084 s
[2026-07-07 01:45:04.887] [INF] [Interpolator] Created MotionSegment of type 3 with 167 points. Duration: 0.664 s
[2026-07-07 01:45:04.888] [INF] [Interpolator] Created MotionSegment of type 3 with 167 points. Duration: 0.664 s
[2026-07-07 01:45:04.889] [INF] [Interpolator] Created MotionSegment of type 3 with 167 points. Duration: 0.664 s
[2026-07-07 01:45:04.889] [INF] [Interpolator] Created MotionSegment of type 3 with 167 points. Duration: 0.664 s
[2026-07-07 01:45:04.890] [INF] [Interpolator] Created MotionSegment of type 3 with 167 points. Duration: 0.664 s
[2026-07-07 01:45:04.891] [INF] [TrajPlanner] planMotionChain: fused 7 waypoint(s) into 1233 continuous points.
[2026-07-07 01:45:04.930] [INF] [ClientState] Synced to new program version 13
[2026-07-07 01:45:04.930] [INF] [ClientState] Synced to new trajectory version 13
[2026-07-07 01:45:04.930] [INF] [ClientState] Cleared Program buffer after confirmation ID 12
[2026-07-07 01:45:05.144] [CRT] [MotionManager] Following Error on Axis 5! Error: 5.23 deg, Limit: 5.00 deg. Entering ERROR state.
[2026-07-07 01:45:05.145] [ERR] [RobotCtrl] Safety Error Detected! Code: 12
[2026-07-07 01:45:05.145] [WRN] [TrajPlanner] Trajectory override requested. Clearing all buffers.
[2026-07-07 01:45:05.145] [INF] [MotionManager] Reset requested.
[2026-07-07 01:45:05.159] [INF] [MotionManager] RT Loop reset complete.
[2026-07-07 01:45:05.160] [INF] [Interpolator] Created MotionSegment of type 1 with 1 points. Duration: 0.000 s
[2026-07-07 01:45:05.160] [INF] [RobotCtrl] Program stopped.
[2026-07-07 01:45:18.349] [INF] [ClientState] Queued Program update with ReqID 13
[2026-07-07 01:45:18.381] [INF] [ClientState] Synced to new program version 14
[2026-07-07 01:45:18.381] [INF] [ClientState] Cleared Program buffer after confirmation ID 13
[2026-07-07 01:45:25.080] [INF] [ClientState] Queued Program update with ReqID 14
[2026-07-07 01:45:25.159] [INF] [ClientState] Synced to new program version 15
[2026-07-07 01:45:25.159] [INF] [ClientState] Cleared Program buffer after confirmation ID 14
[2026-07-07 01:45:32.639] [INF] [ClientState] Queued Program update with ReqID 15
[2026-07-07 01:45:32.708] [INF] [ClientState] Synced to new program version 16
[2026-07-07 01:45:32.708] [INF] [ClientState] Cleared Program buffer after confirmation ID 15
[2026-07-07 01:45:35.381] [INF] [RobotCtrl] Clear Error Request.
[2026-07-07 01:45:35.381] [INF] [MotionManager] Reset requested.
[2026-07-07 01:45:35.393] [INF] [MotionManager] RT Loop reset complete.
[2026-07-07 01:45:35.408] [INF] [HardwareManager] Forwarding clear-drive-errors request. axis_id=-1
[2026-07-07 01:45:35.408] [INF] [RobotCtrl] Starting program: SyncedProgram
[2026-07-07 01:45:35.408] [INF] [RobotCtrl] New program version received. Generating trajectory preview...
[2026-07-07 01:45:35.409] [INF] [Interpolator] Created MotionSegment of type 3 with 41 points. Duration: 0.683 s
[2026-07-07 01:45:35.409] [INF] [Interpolator] Created MotionSegment of type 3 with 40 points. Duration: 0.664 s
[2026-07-07 01:45:35.409] [INF] [Interpolator] Created MotionSegment of type 3 with 40 points. Duration: 0.664 s
[2026-07-07 01:45:35.410] [INF] [Interpolator] Created MotionSegment of type 3 with 40 points. Duration: 0.664 s
[2026-07-07 01:45:35.410] [INF] [Interpolator] Created MotionSegment of type 3 with 40 points. Duration: 0.664 s
[2026-07-07 01:45:35.411] [INF] [Interpolator] Created MotionSegment of type 3 with 40 points. Duration: 0.664 s
[2026-07-07 01:45:35.411] [INF] [Interpolator] Created MotionSegment of type 3 with 19 points. Duration: 0.316 s
[2026-07-07 01:45:35.411] [INF] [Interpolator] Created MotionSegment of type 5 with 65 points. Duration: 1.071 s
[2026-07-07 01:45:35.412] [INF] [Interpolator] Created MotionSegment of type 3 with 19 points. Duration: 0.316 s
[2026-07-07 01:45:35.413] [INF] [Interpolator] Created SPLINE MotionSegment: 5 authored point(s), 188 rendered points, duration 3.121 s.
[2026-07-07 01:45:35.415] [INF] [Interpolator] Created MotionSegment of type 3 with 171 points. Duration: 0.683 s
[2026-07-07 01:45:35.415] [INF] [Interpolator] Created MotionSegment of type 3 with 167 points. Duration: 0.664 s
[2026-07-07 01:45:35.416] [INF] [Interpolator] Created MotionSegment of type 3 with 167 points. Duration: 0.664 s
[2026-07-07 01:45:35.417] [INF] [Interpolator] Created MotionSegment of type 3 with 167 points. Duration: 0.664 s
[2026-07-07 01:45:35.418] [INF] [Interpolator] Created MotionSegment of type 3 with 167 points. Duration: 0.664 s
[2026-07-07 01:45:35.420] [INF] [Interpolator] Created MotionSegment of type 3 with 167 points. Duration: 0.664 s
[2026-07-07 01:45:35.420] [INF] [TrajPlanner] planMotionChain: fused 6 waypoint(s) into 1001 continuous points.
[2026-07-07 01:45:35.443] [INF] [ClientState] Synced to new trajectory version 14
[2026-07-07 01:45:36.331] [CRT] [MotionManager] Following Error on Axis 1! Error: 5.32 deg, Limit: 5.00 deg. Entering ERROR state.
[2026-07-07 01:45:36.332] [ERR] [RobotCtrl] Safety Error Detected! Code: 12
[2026-07-07 01:45:36.332] [WRN] [TrajPlanner] Trajectory override requested. Clearing all buffers.
[2026-07-07 01:45:36.332] [INF] [MotionManager] Reset requested.
[2026-07-07 01:45:36.349] [INF] [MotionManager] RT Loop reset complete.
[2026-07-07 01:45:36.362] [INF] [Interpolator] Created MotionSegment of type 1 with 1 points. Duration: 0.000 s
[2026-07-07 01:45:36.362] [INF] [RobotCtrl] Program stopped.
[2026-07-07 01:45:42.474] [INF] [RobotCtrl] Clear Error Request.
[2026-07-07 01:45:42.474] [INF] [MotionManager] Reset requested.
[2026-07-07 01:45:42.487] [INF] [MotionManager] RT Loop reset complete.
[2026-07-07 01:45:42.503] [INF] [HardwareManager] Forwarding clear-drive-errors request. axis_id=-1
[2026-07-07 01:45:45.683] [INF] [ClientState] Queued Program update with ReqID 16
[2026-07-07 01:45:45.693] [INF] [RobotCtrl] Starting program: SyncedProgram
[2026-07-07 01:45:45.693] [INF] [RobotCtrl] New program version received. Generating trajectory preview...
[2026-07-07 01:45:45.693] [INF] [Interpolator] Created MotionSegment of type 3 with 18 points. Duration: 0.297 s
[2026-07-07 01:45:45.694] [INF] [Interpolator] Created MotionSegment of type 3 with 40 points. Duration: 0.664 s
[2026-07-07 01:45:45.694] [INF] [Interpolator] Created MotionSegment of type 3 with 40 points. Duration: 0.664 s
[2026-07-07 01:45:45.694] [INF] [Interpolator] Created MotionSegment of type 3 with 40 points. Duration: 0.664 s
[2026-07-07 01:45:45.695] [INF] [Interpolator] Created MotionSegment of type 3 with 40 points. Duration: 0.664 s
[2026-07-07 01:45:45.695] [INF] [Interpolator] Created MotionSegment of type 3 with 40 points. Duration: 0.664 s
[2026-07-07 01:45:45.695] [INF] [Interpolator] Created MotionSegment of type 3 with 19 points. Duration: 0.316 s
[2026-07-07 01:45:45.696] [INF] [Interpolator] Created MotionSegment of type 5 with 65 points. Duration: 1.071 s
[2026-07-07 01:45:45.696] [INF] [Interpolator] Created MotionSegment of type 3 with 19 points. Duration: 0.316 s
[2026-07-07 01:45:45.698] [INF] [Interpolator] Created SPLINE MotionSegment: 5 authored point(s), 188 rendered points, duration 3.121 s.
[2026-07-07 01:45:45.698] [INF] [Interpolator] Created MotionSegment of type 3 with 75 points. Duration: 0.297 s
[2026-07-07 01:45:45.699] [INF] [Interpolator] Created MotionSegment of type 3 with 167 points. Duration: 0.664 s
[2026-07-07 01:45:45.700] [INF] [Interpolator] Created MotionSegment of type 3 with 167 points. Duration: 0.664 s
[2026-07-07 01:45:45.701] [INF] [Interpolator] Created MotionSegment of type 3 with 167 points. Duration: 0.664 s
[2026-07-07 01:45:45.701] [INF] [Interpolator] Created MotionSegment of type 3 with 167 points. Duration: 0.664 s
[2026-07-07 01:45:45.702] [INF] [Interpolator] Created MotionSegment of type 3 with 167 points. Duration: 0.664 s
[2026-07-07 01:45:45.703] [INF] [TrajPlanner] planMotionChain: fused 6 waypoint(s) into 905 continuous points.
[2026-07-07 01:45:45.726] [INF] [ClientState] Synced to new program version 17
[2026-07-07 01:45:45.726] [INF] [ClientState] Synced to new trajectory version 15
[2026-07-07 01:45:45.726] [INF] [ClientState] Cleared Program buffer after confirmation ID 16
[2026-07-07 01:45:46.223] [CRT] [MotionManager] Following Error on Axis 1! Error: 5.40 deg, Limit: 5.00 deg. Entering ERROR state.
[2026-07-07 01:45:46.237] [ERR] [RobotCtrl] Safety Error Detected! Code: 12
[2026-07-07 01:45:46.237] [WRN] [TrajPlanner] Trajectory override requested. Clearing all buffers.
[2026-07-07 01:45:46.237] [INF] [MotionManager] Reset requested.
[2026-07-07 01:45:46.253] [INF] [MotionManager] RT Loop reset complete.
[2026-07-07 01:45:46.268] [INF] [Interpolator] Created MotionSegment of type 1 with 1 points. Duration: 0.000 s
[2026-07-07 01:45:46.268] [INF] [RobotCtrl] Program stopped.
[2026-07-07 01:45:53.169] [INF] [ClientState] Queued Program update with ReqID 17
[2026-07-07 01:45:53.272] [INF] [ClientState] Synced to new program version 18
[2026-07-07 01:45:53.272] [INF] [ClientState] Cleared Program buffer after confirmation ID 17
[2026-07-07 01:45:53.930] [INF] [ClientState] Queued Program update with ReqID 18
[2026-07-07 01:45:54.037] [INF] [ClientState] Synced to new program version 19
[2026-07-07 01:45:54.037] [INF] [ClientState] Cleared Program buffer after confirmation ID 18
[2026-07-07 01:45:54.157] [INF] [ClientState] Queued Program update with ReqID 19
[2026-07-07 01:45:54.255] [INF] [ClientState] Synced to new program version 20
[2026-07-07 01:45:54.255] [INF] [ClientState] Cleared Program buffer after confirmation ID 19
[2026-07-07 01:45:54.367] [INF] [ClientState] Queued Program update with ReqID 20
[2026-07-07 01:45:54.474] [INF] [ClientState] Synced to new program version 21
[2026-07-07 01:45:54.474] [INF] [ClientState] Cleared Program buffer after confirmation ID 20
[2026-07-07 01:45:54.539] [INF] [ClientState] Queued Program update with ReqID 21
[2026-07-07 01:45:54.581] [INF] [ClientState] Synced to new program version 22
[2026-07-07 01:45:54.581] [INF] [ClientState] Cleared Program buffer after confirmation ID 21
[2026-07-07 01:45:54.742] [INF] [ClientState] Queued Program update with ReqID 22
[2026-07-07 01:45:54.803] [INF] [ClientState] Synced to new program version 23
[2026-07-07 01:45:54.803] [INF] [ClientState] Cleared Program buffer after confirmation ID 22
[2026-07-07 01:45:54.929] [INF] [ClientState] Queued Program update with ReqID 23
[2026-07-07 01:45:55.021] [INF] [ClientState] Synced to new program version 24
[2026-07-07 01:45:55.021] [INF] [ClientState] Cleared Program buffer after confirmation ID 23
[2026-07-07 01:46:06.256] [INF] [RobotCtrl] Clear Error Request.
[2026-07-07 01:46:06.256] [INF] [MotionManager] Reset requested.
[2026-07-07 01:46:06.271] [INF] [MotionManager] RT Loop reset complete.
[2026-07-07 01:46:06.284] [INF] [HardwareManager] Forwarding clear-drive-errors request. axis_id=-1
[2026-07-07 01:46:06.284] [INF] [RobotCtrl] Starting program: SyncedProgram
[2026-07-07 01:46:06.284] [INF] [RobotCtrl] New program version received. Generating trajectory preview...
[2026-07-07 01:46:06.284] [INF] [Interpolator] Created MotionSegment of type 3 with 18 points. Duration: 0.290 s
[2026-07-07 01:46:06.284] [INF] [Interpolator] Created MotionSegment of type 3 with 40 points. Duration: 0.664 s
[2026-07-07 01:46:06.284] [INF] [Interpolator] Created MotionSegment of type 3 with 40 points. Duration: 0.664 s
[2026-07-07 01:46:06.285] [INF] [Interpolator] Created MotionSegment of type 3 with 40 points. Duration: 0.664 s
[2026-07-07 01:46:06.285] [INF] [Interpolator] Created MotionSegment of type 3 with 40 points. Duration: 0.664 s
[2026-07-07 01:46:06.286] [INF] [Interpolator] Created MotionSegment of type 3 with 40 points. Duration: 0.664 s
[2026-07-07 01:46:06.286] [INF] [Interpolator] Created MotionSegment of type 3 with 19 points. Duration: 0.316 s
[2026-07-07 01:46:06.286] [INF] [Interpolator] Created MotionSegment of type 5 with 65 points. Duration: 1.071 s
[2026-07-07 01:46:06.287] [INF] [Interpolator] Created MotionSegment of type 3 with 19 points. Duration: 0.316 s
[2026-07-07 01:46:06.288] [INF] [Interpolator] Created SPLINE MotionSegment: 5 authored point(s), 188 rendered points, duration 3.121 s.
[2026-07-07 01:46:06.289] [INF] [Interpolator] Created MotionSegment of type 3 with 73 points. Duration: 0.290 s
[2026-07-07 01:46:06.290] [INF] [Interpolator] Created MotionSegment of type 3 with 167 points. Duration: 0.664 s
[2026-07-07 01:46:06.291] [INF] [Interpolator] Created MotionSegment of type 3 with 167 points. Duration: 0.664 s
[2026-07-07 01:46:06.292] [INF] [Interpolator] Created MotionSegment of type 3 with 167 points. Duration: 0.664 s
[2026-07-07 01:46:06.293] [INF] [Interpolator] Created MotionSegment of type 3 with 167 points. Duration: 0.664 s
[2026-07-07 01:46:06.294] [INF] [Interpolator] Created MotionSegment of type 3 with 167 points. Duration: 0.664 s
[2026-07-07 01:46:06.295] [INF] [TrajPlanner] planMotionChain: fused 6 waypoint(s) into 903 continuous points.
[2026-07-07 01:46:06.298] [INF] [ClientState] Synced to new trajectory version 16
[2026-07-07 01:46:06.816] [CRT] [MotionManager] Following Error on Axis 1! Error: 5.45 deg, Limit: 5.00 deg. Entering ERROR state.
[2026-07-07 01:46:06.832] [ERR] [RobotCtrl] Safety Error Detected! Code: 12
[2026-07-07 01:46:06.832] [WRN] [TrajPlanner] Trajectory override requested. Clearing all buffers.
[2026-07-07 01:46:06.833] [INF] [MotionManager] Reset requested.
[2026-07-07 01:46:06.847] [INF] [MotionManager] RT Loop reset complete.
[2026-07-07 01:46:06.863] [INF] [Interpolator] Created MotionSegment of type 1 with 1 points. Duration: 0.000 s
[2026-07-07 01:46:06.863] [INF] [RobotCtrl] Program stopped.
[2026-07-07 01:46:10.823] [INF] [ClientState] Queued FileOperation with ReqID 3
[2026-07-07 01:46:10.827] [INF] [RdtServer] Executing FileOp ReqID
[2026-07-07 01:46:10.911] [INF] [ClientState] Received and cleared FileOp response for ID 3
[2026-07-07 01:46:14.527] [INF] [ClientState] Queued Program update with ReqID 24
[2026-07-07 01:46:14.630] [INF] [ClientState] Synced to new program version 25
[2026-07-07 01:46:14.630] [INF] [ClientState] Cleared Program buffer after confirmation ID 24
[2026-07-07 01:46:18.468] [INF] [ClientState] Queued Program update with ReqID 25
[2026-07-07 01:46:18.567] [INF] [ClientState] Synced to new program version 26
[2026-07-07 01:46:18.567] [INF] [ClientState] Cleared Program buffer after confirmation ID 25
[2026-07-07 01:46:20.490] [INF] [RobotCtrl] Clear Error Request.
[2026-07-07 01:46:20.490] [INF] [MotionManager] Reset requested.
[2026-07-07 01:46:20.505] [INF] [MotionManager] RT Loop reset complete.
[2026-07-07 01:46:20.519] [INF] [HardwareManager] Forwarding clear-drive-errors request. axis_id=-1
[2026-07-07 01:46:20.519] [INF] [RobotCtrl] Starting program: SyncedProgram
[2026-07-07 01:46:20.519] [INF] [RobotCtrl] New program version received. Generating trajectory preview...
[2026-07-07 01:46:20.519] [INF] [Interpolator] Created MotionSegment of type 3 with 36 points. Duration: 0.584 s
[2026-07-07 01:46:20.520] [INF] [Interpolator] Created MotionSegment of type 3 with 40 points. Duration: 0.664 s
[2026-07-07 01:46:20.520] [INF] [Interpolator] Created MotionSegment of type 3 with 40 points. Duration: 0.664 s
[2026-07-07 01:46:20.520] [INF] [Interpolator] Created MotionSegment of type 3 with 40 points. Duration: 0.664 s
[2026-07-07 01:46:20.521] [INF] [Interpolator] Created MotionSegment of type 3 with 40 points. Duration: 0.664 s
[2026-07-07 01:46:20.521] [INF] [Interpolator] Created MotionSegment of type 3 with 19 points. Duration: 0.316 s
[2026-07-07 01:46:20.521] [INF] [Interpolator] Created MotionSegment of type 5 with 65 points. Duration: 1.071 s
[2026-07-07 01:46:20.522] [INF] [Interpolator] Created MotionSegment of type 3 with 19 points. Duration: 0.316 s
[2026-07-07 01:46:20.523] [INF] [Interpolator] Created SPLINE MotionSegment: 5 authored point(s), 188 rendered points, duration 3.121 s.
[2026-07-07 01:46:20.524] [INF] [Interpolator] Created MotionSegment of type 3 with 146 points. Duration: 0.584 s
[2026-07-07 01:46:20.525] [INF] [Interpolator] Created MotionSegment of type 3 with 167 points. Duration: 0.664 s
[2026-07-07 01:46:20.526] [INF] [Interpolator] Created MotionSegment of type 3 with 167 points. Duration: 0.664 s
[2026-07-07 01:46:20.527] [INF] [Interpolator] Created MotionSegment of type 3 with 167 points. Duration: 0.664 s
[2026-07-07 01:46:20.527] [INF] [Interpolator] Created MotionSegment of type 3 with 167 points. Duration: 0.664 s
[2026-07-07 01:46:20.528] [INF] [TrajPlanner] planMotionChain: fused 5 waypoint(s) into 810 continuous points.
[2026-07-07 01:46:20.531] [INF] [ClientState] Synced to new trajectory version 17
[2026-07-07 01:46:20.752] [CRT] [MotionManager] Following Error on Axis 1! Error: 5.19 deg, Limit: 5.00 deg. Entering ERROR state.
[2026-07-07 01:46:20.755] [ERR] [RobotCtrl] Safety Error Detected! Code: 12
[2026-07-07 01:46:20.755] [WRN] [TrajPlanner] Trajectory override requested. Clearing all buffers.
[2026-07-07 01:46:20.755] [INF] [MotionManager] Reset requested.
[2026-07-07 01:46:20.769] [INF] [MotionManager] RT Loop reset complete.
[2026-07-07 01:46:20.784] [INF] [Interpolator] Created MotionSegment of type 1 with 1 points. Duration: 0.000 s
[2026-07-07 01:46:20.784] [INF] [RobotCtrl] Program stopped.
[2026-07-07 01:46:22.717] [INF] [ClientState] Queued Program update with ReqID 26
[2026-07-07 01:46:22.818] [INF] [ClientState] Synced to new program version 27
[2026-07-07 01:46:22.818] [INF] [ClientState] Cleared Program buffer after confirmation ID 26
[2026-07-07 01:46:24.830] [INF] [RobotCtrl] Clear Error Request.
[2026-07-07 01:46:24.830] [INF] [MotionManager] Reset requested.
[2026-07-07 01:46:24.848] [INF] [MotionManager] RT Loop reset complete.
[2026-07-07 01:46:24.862] [INF] [HardwareManager] Forwarding clear-drive-errors request. axis_id=-1
[2026-07-07 01:46:24.862] [INF] [RobotCtrl] Starting program: SyncedProgram
[2026-07-07 01:46:24.862] [INF] [RobotCtrl] New program version received. Generating trajectory preview...
[2026-07-07 01:46:24.862] [INF] [Interpolator] Created MotionSegment of type 3 with 31 points. Duration: 0.510 s
[2026-07-07 01:46:24.863] [INF] [Interpolator] Created MotionSegment of type 3 with 40 points. Duration: 0.664 s
[2026-07-07 01:46:24.863] [INF] [Interpolator] Created MotionSegment of type 3 with 40 points. Duration: 0.664 s
[2026-07-07 01:46:24.863] [INF] [Interpolator] Created MotionSegment of type 3 with 40 points. Duration: 0.664 s
[2026-07-07 01:46:24.863] [INF] [Interpolator] Created MotionSegment of type 3 with 40 points. Duration: 0.664 s
[2026-07-07 01:46:24.863] [INF] [Interpolator] Created MotionSegment of type 3 with 19 points. Duration: 0.316 s
[2026-07-07 01:46:24.864] [INF] [Interpolator] Created MotionSegment of type 5 with 65 points. Duration: 1.071 s
[2026-07-07 01:46:24.864] [INF] [Interpolator] Created MotionSegment of type 3 with 19 points. Duration: 0.316 s
[2026-07-07 01:46:24.865] [INF] [Interpolator] Created SPLINE MotionSegment: 5 authored point(s), 188 rendered points, duration 3.121 s.
[2026-07-07 01:46:24.866] [INF] [Interpolator] Created MotionSegment of type 3 with 128 points. Duration: 0.510 s
[2026-07-07 01:46:24.866] [INF] [Interpolator] Created MotionSegment of type 3 with 167 points. Duration: 0.664 s
[2026-07-07 01:46:24.867] [INF] [Interpolator] Created MotionSegment of type 3 with 167 points. Duration: 0.664 s
[2026-07-07 01:46:24.868] [INF] [Interpolator] Created MotionSegment of type 3 with 167 points. Duration: 0.664 s
[2026-07-07 01:46:24.869] [INF] [Interpolator] Created MotionSegment of type 3 with 167 points. Duration: 0.664 s
[2026-07-07 01:46:24.869] [INF] [TrajPlanner] planMotionChain: fused 5 waypoint(s) into 792 continuous points.
[2026-07-07 01:46:24.896] [INF] [ClientState] Synced to new trajectory version 18
[2026-07-07 01:46:25.144] [CRT] [MotionManager] Following Error on Axis 1! Error: 5.53 deg, Limit: 5.00 deg. Entering ERROR state.
[2026-07-07 01:46:25.160] [ERR] [RobotCtrl] Safety Error Detected! Code: 12
[2026-07-07 01:46:25.160] [WRN] [TrajPlanner] Trajectory override requested. Clearing all buffers.
[2026-07-07 01:46:25.160] [INF] [MotionManager] Reset requested.
[2026-07-07 01:46:25.175] [INF] [MotionManager] RT Loop reset complete.
[2026-07-07 01:46:25.176] [INF] [Interpolator] Created MotionSegment of type 1 with 1 points. Duration: 0.000 s
[2026-07-07 01:46:25.176] [INF] [RobotCtrl] Program stopped.
[2026-07-07 01:46:26.584] [INF] [RobotCtrl] Clear Error Request.
[2026-07-07 01:46:26.584] [INF] [MotionManager] Reset requested.
[2026-07-07 01:46:26.600] [INF] [MotionManager] RT Loop reset complete.
[2026-07-07 01:46:26.613] [INF] [HardwareManager] Forwarding clear-drive-errors request. axis_id=-1
[2026-07-07 01:46:35.628] [INF] [ClientState] Queued Program update with ReqID 27
[2026-07-07 01:46:35.661] [INF] [RobotCtrl] Starting program: SyncedProgram
[2026-07-07 01:46:35.661] [INF] [RobotCtrl] New program version received. Generating trajectory preview...
[2026-07-07 01:46:35.661] [INF] [Interpolator] Created MotionSegment of type 3 with 22 points. Duration: 0.361 s
[2026-07-07 01:46:35.661] [INF] [Interpolator] Created MotionSegment of type 3 with 40 points. Duration: 0.664 s
[2026-07-07 01:46:35.662] [INF] [Interpolator] Created MotionSegment of type 3 with 40 points. Duration: 0.664 s
[2026-07-07 01:46:35.662] [INF] [Interpolator] Created MotionSegment of type 3 with 40 points. Duration: 0.664 s
[2026-07-07 01:46:35.662] [INF] [Interpolator] Created MotionSegment of type 3 with 40 points. Duration: 0.664 s
[2026-07-07 01:46:35.663] [INF] [Interpolator] Created MotionSegment of type 3 with 19 points. Duration: 0.316 s
[2026-07-07 01:46:35.663] [INF] [Interpolator] Created MotionSegment of type 5 with 65 points. Duration: 1.071 s
[2026-07-07 01:46:35.663] [INF] [Interpolator] Created MotionSegment of type 3 with 19 points. Duration: 0.316 s
[2026-07-07 01:46:35.665] [INF] [Interpolator] Created SPLINE MotionSegment: 5 authored point(s), 188 rendered points, duration 3.121 s.
[2026-07-07 01:46:35.666] [INF] [Interpolator] Created MotionSegment of type 3 with 91 points. Duration: 0.361 s
[2026-07-07 01:46:35.667] [INF] [Interpolator] Created MotionSegment of type 3 with 167 points. Duration: 0.664 s
[2026-07-07 01:46:35.668] [INF] [Interpolator] Created MotionSegment of type 3 with 167 points. Duration: 0.664 s
[2026-07-07 01:46:35.668] [INF] [Interpolator] Created MotionSegment of type 3 with 167 points. Duration: 0.664 s
[2026-07-07 01:46:35.669] [INF] [Interpolator] Created MotionSegment of type 3 with 167 points. Duration: 0.664 s
[2026-07-07 01:46:35.669] [INF] [TrajPlanner] planMotionChain: fused 5 waypoint(s) into 755 continuous points.
[2026-07-07 01:46:35.726] [INF] [ClientState] Synced to new program version 28
[2026-07-07 01:46:35.726] [INF] [ClientState] Synced to new trajectory version 19
[2026-07-07 01:46:35.726] [INF] [ClientState] Cleared Program buffer after confirmation ID 27
[2026-07-07 01:46:36.316] [CRT] [MotionManager] Following Error on Axis 1! Error: 5.10 deg, Limit: 5.00 deg. Entering ERROR state.
[2026-07-07 01:46:36.333] [ERR] [RobotCtrl] Safety Error Detected! Code: 12
[2026-07-07 01:46:36.333] [WRN] [TrajPlanner] Trajectory override requested. Clearing all buffers.
[2026-07-07 01:46:36.333] [INF] [MotionManager] Reset requested.
[2026-07-07 01:46:36.348] [INF] [MotionManager] RT Loop reset complete.
[2026-07-07 01:46:36.362] [INF] [Interpolator] Created MotionSegment of type 1 with 1 points. Duration: 0.000 s
[2026-07-07 01:46:36.362] [INF] [RobotCtrl] Program stopped.
[2026-07-07 01:46:40.537] [INF] [ClientState] Queued Program update with ReqID 28
[2026-07-07 01:46:40.644] [INF] [ClientState] Synced to new program version 29
[2026-07-07 01:46:40.644] [INF] [ClientState] Cleared Program buffer after confirmation ID 28
[2026-07-07 01:46:42.583] [INF] [RobotCtrl] Clear Error Request.
[2026-07-07 01:46:42.583] [INF] [MotionManager] Reset requested.
[2026-07-07 01:46:42.596] [INF] [MotionManager] RT Loop reset complete.
[2026-07-07 01:46:42.612] [INF] [HardwareManager] Forwarding clear-drive-errors request. axis_id=-1
[2026-07-07 01:46:42.612] [INF] [RobotCtrl] Starting program: SyncedProgram
[2026-07-07 01:46:42.612] [INF] [RobotCtrl] New program version received. Generating trajectory preview...
[2026-07-07 01:46:42.612] [INF] [Interpolator] Created MotionSegment of type 3 with 24 points. Duration: 0.387 s
[2026-07-07 01:46:42.613] [INF] [Interpolator] Created MotionSegment of type 3 with 40 points. Duration: 0.664 s
[2026-07-07 01:46:42.613] [INF] [Interpolator] Created MotionSegment of type 3 with 40 points. Duration: 0.664 s
[2026-07-07 01:46:42.613] [INF] [Interpolator] Created MotionSegment of type 3 with 40 points. Duration: 0.664 s
[2026-07-07 01:46:42.613] [INF] [Interpolator] Created MotionSegment of type 3 with 40 points. Duration: 0.664 s
[2026-07-07 01:46:42.613] [INF] [Interpolator] Created MotionSegment of type 3 with 19 points. Duration: 0.316 s
[2026-07-07 01:46:42.614] [INF] [Interpolator] Created MotionSegment of type 5 with 65 points. Duration: 1.071 s
[2026-07-07 01:46:42.614] [INF] [Interpolator] Created MotionSegment of type 3 with 19 points. Duration: 0.316 s
[2026-07-07 01:46:42.615] [INF] [Interpolator] Created SPLINE MotionSegment: 5 authored point(s), 188 rendered points, duration 3.121 s.
[2026-07-07 01:46:42.616] [INF] [Interpolator] Created MotionSegment of type 3 with 97 points. Duration: 0.387 s
[2026-07-07 01:46:42.616] [INF] [Interpolator] Created MotionSegment of type 3 with 167 points. Duration: 0.664 s
[2026-07-07 01:46:42.617] [INF] [Interpolator] Created MotionSegment of type 3 with 167 points. Duration: 0.664 s
[2026-07-07 01:46:42.618] [INF] [Interpolator] Created MotionSegment of type 3 with 167 points. Duration: 0.664 s
[2026-07-07 01:46:42.619] [INF] [Interpolator] Created MotionSegment of type 3 with 167 points. Duration: 0.664 s
[2026-07-07 01:46:42.620] [INF] [TrajPlanner] planMotionChain: fused 5 waypoint(s) into 761 continuous points.
[2026-07-07 01:46:42.622] [INF] [ClientState] Synced to new trajectory version 20
[2026-07-07 01:46:43.302] [CRT] [MotionManager] Following Error on Axis 1! Error: 5.14 deg, Limit: 5.00 deg. Entering ERROR state.
[2026-07-07 01:46:43.316] [ERR] [RobotCtrl] Safety Error Detected! Code: 12
[2026-07-07 01:46:43.316] [WRN] [TrajPlanner] Trajectory override requested. Clearing all buffers.
[2026-07-07 01:46:43.316] [INF] [MotionManager] Reset requested.
[2026-07-07 01:46:43.333] [INF] [MotionManager] RT Loop reset complete.
[2026-07-07 01:46:43.346] [INF] [Interpolator] Created MotionSegment of type 1 with 1 points. Duration: 0.000 s
[2026-07-07 01:46:43.346] [INF] [RobotCtrl] Program stopped.
[2026-07-07 01:46:45.647] [INF] [ClientState] Queued Program update with ReqID 29
[2026-07-07 01:46:45.677] [INF] [ClientState] Synced to new program version 30
[2026-07-07 01:46:45.677] [INF] [ClientState] Cleared Program buffer after confirmation ID 29
[2026-07-07 01:46:48.300] [INF] [RobotCtrl] Clear Error Request.
[2026-07-07 01:46:48.300] [INF] [MotionManager] Reset requested.
[2026-07-07 01:46:48.318] [INF] [MotionManager] RT Loop reset complete.
[2026-07-07 01:46:48.331] [INF] [HardwareManager] Forwarding clear-drive-errors request. axis_id=-1
[2026-07-07 01:46:48.331] [INF] [RobotCtrl] Starting program: SyncedProgram
[2026-07-07 01:46:48.331] [INF] [RobotCtrl] New program version received. Generating trajectory preview...
[2026-07-07 01:46:48.331] [INF] [Interpolator] Created MotionSegment of type 3 with 23 points. Duration: 0.383 s
[2026-07-07 01:46:48.331] [INF] [Interpolator] Created MotionSegment of type 3 with 40 points. Duration: 0.664 s
[2026-07-07 01:46:48.331] [INF] [Interpolator] Created MotionSegment of type 3 with 40 points. Duration: 0.664 s
[2026-07-07 01:46:48.332] [INF] [Interpolator] Created MotionSegment of type 3 with 40 points. Duration: 0.664 s
[2026-07-07 01:46:48.332] [INF] [Interpolator] Created MotionSegment of type 3 with 40 points. Duration: 0.664 s
[2026-07-07 01:46:48.332] [INF] [Interpolator] Created MotionSegment of type 3 with 19 points. Duration: 0.316 s
[2026-07-07 01:46:48.332] [INF] [Interpolator] Created MotionSegment of type 5 with 65 points. Duration: 1.071 s
[2026-07-07 01:46:48.332] [INF] [Interpolator] Created MotionSegment of type 3 with 19 points. Duration: 0.316 s
[2026-07-07 01:46:48.335] [INF] [Interpolator] Created SPLINE MotionSegment: 5 authored point(s), 188 rendered points, duration 3.121 s.
[2026-07-07 01:46:48.335] [INF] [Interpolator] Created MotionSegment of type 3 with 96 points. Duration: 0.383 s
[2026-07-07 01:46:48.336] [INF] [Interpolator] Created MotionSegment of type 3 with 167 points. Duration: 0.664 s
[2026-07-07 01:46:48.336] [INF] [Interpolator] Created MotionSegment of type 3 with 167 points. Duration: 0.664 s
[2026-07-07 01:46:48.337] [INF] [Interpolator] Created MotionSegment of type 3 with 167 points. Duration: 0.664 s
[2026-07-07 01:46:48.338] [INF] [Interpolator] Created MotionSegment of type 3 with 167 points. Duration: 0.664 s
[2026-07-07 01:46:48.338] [INF] [TrajPlanner] planMotionChain: fused 5 waypoint(s) into 760 continuous points.
[2026-07-07 01:46:48.341] [INF] [ClientState] Synced to new trajectory version 21
[2026-07-07 01:46:49.018] [CRT] [MotionManager] Following Error on Axis 1! Error: 5.19 deg, Limit: 5.00 deg. Entering ERROR state.
[2026-07-07 01:46:49.020] [ERR] [RobotCtrl] Safety Error Detected! Code: 12
[2026-07-07 01:46:49.020] [WRN] [TrajPlanner] Trajectory override requested. Clearing all buffers.
[2026-07-07 01:46:49.020] [INF] [MotionManager] Reset requested.
[2026-07-07 01:46:49.035] [INF] [MotionManager] RT Loop reset complete.
[2026-07-07 01:46:49.049] [INF] [Interpolator] Created MotionSegment of type 1 with 1 points. Duration: 0.000 s
[2026-07-07 01:46:49.049] [INF] [RobotCtrl] Program stopped.
[2026-07-07 01:46:53.955] [INF] [HardwareManager] Mode set to SIMULATION.
[2026-07-07 01:46:53.956] [INF] [RobotState] Simulation mode updated: SIMULATED
[2026-07-07 01:46:53.956] [INF] [RobotCtrl] Mode switched to SIM
[2026-07-07 01:46:53.956] [INF] [MotionManager] Reset requested.
[2026-07-07 01:46:53.972] [INF] [MotionManager] RT Loop reset complete.
[2026-07-07 01:46:53.987] [INF] [RobotCtrl] State synchronized after mode switch.
[2026-07-07 01:46:56.324] [INF] [ClientState] Queued FileOperation with ReqID 4
[2026-07-07 01:46:56.328] [INF] [RdtServer] Executing FileOp ReqID
[2026-07-07 01:46:56.394] [INF] [ClientState] Received and cleared FileOp response for ID 4
[2026-07-07 01:46:58.469] [INF] [ClientState] Queued FileOperation with ReqID 5
[2026-07-07 01:46:58.488] [INF] [RdtServer] Executing FileOp ReqID
[2026-07-07 01:46:58.488] [INF] [FileManager] Program 'program.json' loaded successfully (format v2).
[2026-07-07 01:46:58.583] [INF] [ClientState] Received and cleared FileOp response for ID 5
[2026-07-07 01:46:58.607] [INF] [ClientState] Queued Program update with ReqID 30
[2026-07-07 01:46:58.692] [INF] [ClientState] Synced to new program version 31
[2026-07-07 01:46:58.692] [INF] [ClientState] Cleared Program buffer after confirmation ID 30
[2026-07-07 01:47:06.896] [INF] [HardwareManager] Mode set to REAL on the built-in simulator backend (no physical driver).
[2026-07-07 01:47:06.896] [INF] [RobotState] Simulation mode updated: REAL
[2026-07-07 01:47:06.896] [INF] [RobotCtrl] Mode switched to REAL
[2026-07-07 01:47:06.896] [INF] [MotionManager] Reset requested.
[2026-07-07 01:47:06.910] [INF] [MotionManager] RT Loop reset complete.
[2026-07-07 01:47:06.925] [INF] [RobotCtrl] State synchronized after mode switch.
[2026-07-07 01:47:22.515] [DBG] [ClientState] Jog context updated: Frame=0, Tool=0, Base=0
[2026-07-07 01:47:30.095] [INF] [ClientState] Queued Program update with ReqID 31
[2026-07-07 01:47:30.193] [INF] [ClientState] Synced to new program version 32
[2026-07-07 01:47:30.193] [INF] [ClientState] Cleared Program buffer after confirmation ID 31
[2026-07-07 01:47:31.214] [INF] [ClientState] Queued Program update with ReqID 32
[2026-07-07 01:47:31.287] [INF] [ClientState] Synced to new program version 33
[2026-07-07 01:47:31.287] [INF] [ClientState] Cleared Program buffer after confirmation ID 32
[2026-07-07 01:47:33.020] [INF] [RobotCtrl] Clear Error Request.
[2026-07-07 01:47:33.020] [INF] [MotionManager] Reset requested.
[2026-07-07 01:47:33.037] [INF] [MotionManager] RT Loop reset complete.
[2026-07-07 01:47:33.050] [INF] [HardwareManager] Forwarding clear-drive-errors request. axis_id=-1
[2026-07-07 01:47:33.050] [INF] [RobotCtrl] Starting program: SyncedProgram
[2026-07-07 01:47:33.050] [INF] [RobotCtrl] New program version received. Generating trajectory preview...
[2026-07-07 01:47:33.050] [INF] [Interpolator] Created MotionSegment of type 1 with 39 points. Duration: 0.639 s
[2026-07-07 01:47:33.050] [INF] [Interpolator] Created MotionSegment of type 1 with 20 points. Duration: 0.333 s
[2026-07-07 01:47:33.050] [INF] [Interpolator] Created MotionSegment of type 1 with 25 points. Duration: 0.408 s
[2026-07-07 01:47:33.050] [INF] [Interpolator] Created MotionSegment of type 1 with 160 points. Duration: 0.639 s
[2026-07-07 01:47:33.050] [INF] [Interpolator] Created MotionSegment of type 1 with 84 points. Duration: 0.333 s
[2026-07-07 01:47:33.050] [INF] [Interpolator] Created MotionSegment of type 1 with 103 points. Duration: 0.408 s
[2026-07-07 01:47:33.051] [INF] [TrajPlanner] planMotionChain: fused 3 waypoint(s) into 345 continuous points.
[2026-07-07 01:47:33.051] [INF] [ClientState] Synced to new trajectory version 22
[2026-07-07 01:47:33.300] [CRT] [MotionManager] Following Error on Axis 5! Error: 5.08 deg, Limit: 5.00 deg. Entering ERROR state.
[2026-07-07 01:47:33.317] [ERR] [RobotCtrl] Safety Error Detected! Code: 12
[2026-07-07 01:47:33.317] [WRN] [TrajPlanner] Trajectory override requested. Clearing all buffers.
[2026-07-07 01:47:33.317] [INF] [MotionManager] Reset requested.
[2026-07-07 01:47:33.331] [INF] [MotionManager] RT Loop reset complete.
[2026-07-07 01:47:33.346] [INF] [Interpolator] Created MotionSegment of type 1 with 1 points. Duration: 0.000 s
[2026-07-07 01:47:33.346] [INF] [RobotCtrl] Program stopped.
[2026-07-07 01:47:34.631] [INF] [RobotCtrl] Clear Error Request.
[2026-07-07 01:47:34.631] [INF] [MotionManager] Reset requested.
[2026-07-07 01:47:34.644] [INF] [MotionManager] RT Loop reset complete.
[2026-07-07 01:47:34.660] [INF] [HardwareManager] Forwarding clear-drive-errors request. axis_id=-1
[2026-07-07 01:47:38.413] [INF] [ClientState] Queued Program update with ReqID 33
[2026-07-07 01:47:38.440] [INF] [RobotCtrl] Starting program: SyncedProgram
[2026-07-07 01:47:38.440] [INF] [RobotCtrl] New program version received. Generating trajectory preview...
[2026-07-07 01:47:38.440] [INF] [Interpolator] Created MotionSegment of type 1 with 34 points. Duration: 0.554 s
[2026-07-07 01:47:38.440] [INF] [Interpolator] Created MotionSegment of type 1 with 20 points. Duration: 0.333 s
[2026-07-07 01:47:38.440] [INF] [Interpolator] Created MotionSegment of type 1 with 25 points. Duration: 0.408 s
[2026-07-07 01:47:38.440] [INF] [Interpolator] Created MotionSegment of type 1 with 139 points. Duration: 0.554 s
[2026-07-07 01:47:38.440] [INF] [Interpolator] Created MotionSegment of type 1 with 84 points. Duration: 0.333 s
[2026-07-07 01:47:38.441] [INF] [Interpolator] Created MotionSegment of type 1 with 103 points. Duration: 0.408 s
[2026-07-07 01:47:38.441] [INF] [TrajPlanner] planMotionChain: fused 3 waypoint(s) into 324 continuous points.
[2026-07-07 01:47:38.521] [INF] [ClientState] Synced to new program version 34
[2026-07-07 01:47:38.521] [INF] [ClientState] Synced to new trajectory version 23
[2026-07-07 01:47:38.521] [INF] [ClientState] Cleared Program buffer after confirmation ID 33
[2026-07-07 01:47:38.676] [CRT] [MotionManager] Following Error on Axis 5! Error: 5.52 deg, Limit: 5.00 deg. Entering ERROR state.
[2026-07-07 01:47:38.690] [ERR] [RobotCtrl] Safety Error Detected! Code: 12
[2026-07-07 01:47:38.690] [WRN] [TrajPlanner] Trajectory override requested. Clearing all buffers.
[2026-07-07 01:47:38.690] [INF] [MotionManager] Reset requested.
[2026-07-07 01:47:38.708] [INF] [MotionManager] RT Loop reset complete.
[2026-07-07 01:47:38.722] [INF] [Interpolator] Created MotionSegment of type 1 with 1 points. Duration: 0.000 s
[2026-07-07 01:47:38.722] [INF] [RobotCtrl] Program stopped.
[2026-07-07 01:47:41.446] [INF] [ClientState] Queued Program update with ReqID 34
[2026-07-07 01:47:41.474] [INF] [ClientState] Synced to new program version 35
[2026-07-07 01:47:41.474] [INF] [ClientState] Cleared Program buffer after confirmation ID 34
[2026-07-07 01:47:43.659] [INF] [RobotCtrl] Clear Error Request.
[2026-07-07 01:47:43.659] [INF] [MotionManager] Reset requested.
[2026-07-07 01:47:43.675] [INF] [MotionManager] RT Loop reset complete.
[2026-07-07 01:47:43.691] [INF] [HardwareManager] Forwarding clear-drive-errors request. axis_id=-1
[2026-07-07 01:47:43.691] [INF] [RobotCtrl] Starting program: SyncedProgram
[2026-07-07 01:47:43.691] [INF] [RobotCtrl] New program version received. Generating trajectory preview...
[2026-07-07 01:47:43.691] [INF] [Interpolator] Created MotionSegment of type 1 with 28 points. Duration: 0.461 s
[2026-07-07 01:47:43.691] [INF] [Interpolator] Created MotionSegment of type 1 with 116 points. Duration: 0.461 s
[2026-07-07 01:47:43.691] [INF] [TrajPlanner] planMotionChain: fused 1 waypoint(s) into 116 continuous points.
[2026-07-07 01:47:43.691] [INF] [ClientState] Synced to new trajectory version 24
[2026-07-07 01:47:43.925] [CRT] [MotionManager] Following Error on Axis 5! Error: 5.33 deg, Limit: 5.00 deg. Entering ERROR state.
[2026-07-07 01:47:43.926] [ERR] [RobotCtrl] Safety Error Detected! Code: 12
[2026-07-07 01:47:43.926] [WRN] [TrajPlanner] Trajectory override requested. Clearing all buffers.
[2026-07-07 01:47:43.926] [INF] [MotionManager] Reset requested.
[2026-07-07 01:47:43.940] [INF] [MotionManager] RT Loop reset complete.
[2026-07-07 01:47:43.956] [INF] [Interpolator] Created MotionSegment of type 1 with 1 points. Duration: 0.000 s
[2026-07-07 01:47:43.956] [INF] [RobotCtrl] Program stopped.
[2026-07-07 01:47:47.177] [INF] [RobotCtrl] Clear Error Request.
[2026-07-07 01:47:47.177] [INF] [MotionManager] Reset requested.
[2026-07-07 01:47:47.192] [INF] [MotionManager] RT Loop reset complete.
[2026-07-07 01:47:47.206] [INF] [HardwareManager] Forwarding clear-drive-errors request. axis_id=-1
[2026-07-07 01:47:51.182] [INF] [ClientState] Queued Program update with ReqID 35
[2026-07-07 01:47:51.194] [INF] [RobotCtrl] Starting program: SyncedProgram
[2026-07-07 01:47:51.194] [INF] [RobotCtrl] New program version received. Generating trajectory preview...
[2026-07-07 01:47:51.194] [INF] [Interpolator] Created MotionSegment of type 1 with 21 points. Duration: 0.346 s
[2026-07-07 01:47:51.194] [INF] [Interpolator] Created MotionSegment of type 1 with 87 points. Duration: 0.346 s
[2026-07-07 01:47:51.194] [INF] [TrajPlanner] planMotionChain: fused 1 waypoint(s) into 87 continuous points.
[2026-07-07 01:47:51.208] [INF] [ClientState] Synced to new program version 36
[2026-07-07 01:47:51.208] [INF] [ClientState] Synced to new trajectory version 25
[2026-07-07 01:47:51.208] [INF] [ClientState] Cleared Program buffer after confirmation ID 35
[2026-07-07 01:47:51.567] [INF] [RobotCtrl] Program finished successfully.
[2026-07-07 01:47:51.567] [WRN] [TrajPlanner] Trajectory override requested. Clearing all buffers.
[2026-07-07 01:47:51.567] [INF] [MotionManager] Reset requested.
[2026-07-07 01:47:51.581] [INF] [MotionManager] RT Loop reset complete.
[2026-07-07 01:47:51.597] [INF] [Interpolator] Created MotionSegment of type 1 with 1 points. Duration: 0.000 s
[2026-07-07 01:47:51.597] [INF] [RobotCtrl] Program stopped.
[2026-07-07 01:47:56.378] [DBG] [RobotCtrl] Jog cmd: frame=0, axis=0, inc=-10, toolId=0, baseId=0
[2026-07-07 01:47:56.378] [INF] [MotionManager] Reset requested.
[2026-07-07 01:47:56.380] [INF] [MotionManager] RT Loop reset complete.
[2026-07-07 01:47:56.393] [INF] [Interpolator] Created MotionSegment of type 1 with 84 points. Duration: 0.333 s
[2026-07-07 01:47:56.393] [INF] [RobotCtrl] Jog planned successfully to axis 0: -10
[2026-07-07 01:47:57.238] [DBG] [RobotCtrl] Jog cmd: frame=0, axis=0, inc=-10, toolId=0, baseId=0
[2026-07-07 01:47:57.238] [INF] [MotionManager] Reset requested.
[2026-07-07 01:47:57.239] [INF] [MotionManager] RT Loop reset complete.
[2026-07-07 01:47:57.254] [INF] [Interpolator] Created MotionSegment of type 1 with 84 points. Duration: 0.333 s
[2026-07-07 01:47:57.254] [INF] [RobotCtrl] Jog planned successfully to axis 0: -20
[2026-07-07 01:47:58.113] [DBG] [RobotCtrl] Jog cmd: frame=0, axis=0, inc=-10, toolId=0, baseId=0
[2026-07-07 01:47:58.113] [INF] [MotionManager] Reset requested.
[2026-07-07 01:47:58.129] [INF] [MotionManager] RT Loop reset complete.
[2026-07-07 01:47:58.143] [INF] [Interpolator] Created MotionSegment of type 1 with 84 points. Duration: 0.333 s
[2026-07-07 01:47:58.143] [INF] [RobotCtrl] Jog planned successfully to axis 0: -30
[2026-07-07 01:47:58.974] [DBG] [RobotCtrl] Jog cmd: frame=0, axis=0, inc=-10, toolId=0, baseId=0
[2026-07-07 01:47:58.974] [INF] [MotionManager] Reset requested.
[2026-07-07 01:47:58.988] [INF] [MotionManager] RT Loop reset complete.
[2026-07-07 01:47:59.003] [INF] [Interpolator] Created MotionSegment of type 1 with 84 points. Duration: 0.333 s
[2026-07-07 01:47:59.003] [INF] [RobotCtrl] Jog planned successfully to axis 0: -40
[2026-07-07 01:48:01.019] [DBG] [RobotCtrl] Jog cmd: frame=0, axis=0, inc=-10, toolId=0, baseId=0
[2026-07-07 01:48:01.019] [INF] [MotionManager] Reset requested.
[2026-07-07 01:48:01.020] [INF] [MotionManager] RT Loop reset complete.
[2026-07-07 01:48:01.035] [INF] [Interpolator] Created MotionSegment of type 1 with 84 points. Duration: 0.333 s
[2026-07-07 01:48:01.035] [INF] [RobotCtrl] Jog planned successfully to axis 0: -50
[2026-07-07 01:48:01.956] [DBG] [RobotCtrl] Jog cmd: frame=0, axis=0, inc=-10, toolId=0, baseId=0
[2026-07-07 01:48:01.956] [INF] [MotionManager] Reset requested.
[2026-07-07 01:48:01.957] [INF] [MotionManager] RT Loop reset complete.
[2026-07-07 01:48:01.971] [INF] [Interpolator] Created MotionSegment of type 1 with 84 points. Duration: 0.333 s
[2026-07-07 01:48:01.971] [INF] [RobotCtrl] Jog planned successfully to axis 0: -60
[2026-07-07 01:48:02.940] [DBG] [RobotCtrl] Jog cmd: frame=0, axis=0, inc=-10, toolId=0, baseId=0
[2026-07-07 01:48:02.940] [INF] [MotionManager] Reset requested.
[2026-07-07 01:48:02.941] [INF] [MotionManager] RT Loop reset complete.
[2026-07-07 01:48:02.956] [INF] [Interpolator] Created MotionSegment of type 1 with 84 points. Duration: 0.333 s[2026-07-07 01:50:18.538] [INF] [HexaStudioDesktop] --- Application Starting --- Version: 0.1.1
[2026-07-07 01:50:18.539] [DBG] [RobotState] RobotState instance created with default state.
[2026-07-07 01:50:18.539] [INF] [HexaCore] Using config file: D:\2.Github\HexaKinetica\HexaMotion\configs\hexacore_config.json
[2026-07-07 01:50:18.540] [INF] [Persistence] Configuration loaded successfully from 'D:\2.Github\HexaKinetica\HexaMotion\configs\hexacore_config.json' (format v1).
[2026-07-07 01:50:18.540] [INF] [RobotState] Applied persisted configuration to RobotState. New config version is 2.
[2026-07-07 01:50:18.540] [INF] [HexaCore] Using runtime config file: D:\2.Github\HexaKinetica\HexaMotion\configs\hexacore_runtime_config.json
[2026-07-07 01:50:18.559] [INF] [KinematicModel] KinematicModel created successfully from URDF (base_link -> flange), 6 DoF.
[2026-07-07 01:50:18.559] [WRN] [KinematicModel] URDF loaded, but not all joint limits were available.
[2026-07-07 01:50:18.559] [INF] [HexaCore] Kinematic model loaded from URDF: D:/2.Github/HexaKinetica/HexaMotion-SDK/robots/HexaArmMedium_Light_GLB/urdf/HexaArmMedium_Light.SLDASM.urdf
[2026-07-07 01:50:18.559] [WRN] [HexaCore] URDF loaded but limits were not fully available. Using state/default limits.
[2026-07-07 01:50:18.559] [INF] [KdlSolver] KDL Solvers initialized successfully.
[2026-07-07 01:50:18.559] [INF] [HexaCore] Realtime backend: INTERNAL SIMULATION (SimDriver). Set 'realtime_interface' to "udp" or "mks_tcp" in the runtime config to use a real backend.
[2026-07-07 01:50:18.559] [INF] [HexaCore] RDT listen: in-process loopback:30002
[2026-07-07 01:50:18.559] [INF] [HexaCore] Programs directory: D:\2.Github\HexaKinetica\HexaMotion\programs
[2026-07-07 01:50:18.559] [INF] [HexaCore] Resolved URDF path: D:/2.Github/HexaKinetica/HexaMotion-SDK/robots/HexaArmMedium_Light_GLB/urdf/HexaArmMedium_Light.SLDASM.urdf
[2026-07-07 01:50:18.559] [INF] [HexaCore] Startup mode: INTERNAL SIMULATION
[2026-07-07 01:50:18.559] [INF] [MotionManager] MotionManager created. Cycle: 4ms, Following Error Threshold: 5.00 deg.
[2026-07-07 01:50:18.559] [INF] [RobotCtrl] Initializing RobotController...
[2026-07-07 01:50:18.559] [INF] [HardwareManager] Started in Simulation mode.
[2026-07-07 01:50:18.559] [INF] [MotionManager] Starting RT Loop...
[2026-07-07 01:50:18.559] [INF] [RobotCtrl] RobotController initialized successfully.
[2026-07-07 01:50:18.559] [INF] [LoopbackNetwork] Loopback server listening (in-process, port tag 30002).
[2026-07-07 01:50:18.559] [INF] [HexaCore] Controller stack assembled. Listening on port 30002 for HMI connections.
[2026-07-07 01:50:18.560] [INF] [HexaCore] Controller NRT loop started (internal thread).
[2026-07-07 01:50:18.560] [DBG] [ClientState] ClientState instance created.
[2026-07-07 01:50:18.560] [INF] [MotionManager] RT thread started.
[2026-07-07 01:50:19.338] [DBG] [ClientState] Jog context updated: Frame=0, Tool=0, Base=0
[2026-07-07 01:50:19.338] [DBG] [ClientState] Jog context updated: Frame=0, Tool=0, Base=0
[2026-07-07 01:50:19.341] [INF] [ClientState] Sync state reset (ACK versions set to 0) to force full resync
[2026-07-07 01:50:19.341] [INF] [LoopbackNetwork] Loopback client connected (handle 1).
[2026-07-07 01:50:19.341] [INF] [RdtServer] Client connected: 1 (loopback)
[2026-07-07 01:50:19.341] [INF] [ClientState] Sync state reset (ACK versions set to 0) to force full resync
[2026-07-07 01:50:19.341] [INF] [RdtClient] Connected to RDT Server.
[2026-07-07 01:50:19.441] [INF] [ClientState] Initial sync complete. Adopted server mode: SIM
[2026-07-07 01:50:19.441] [INF] [ClientState] Synced to new config version 3
[2026-07-07 01:50:19.441] [INF] [ClientState] Synced to new program version 1
[2026-07-07 01:50:19.441] [INF] [ClientState] Synced to new trajectory version 1
[2026-07-07 01:50:19.624] [DBG] [ClientState] Jog context updated: Frame=0, Tool=0, Base=0
[2026-07-07 01:50:19.624] [DBG] [ClientState] Jog context updated: Frame=0, Tool=0, Base=0
[2026-07-07 01:50:19.639] [INF] [KinematicModel] KinematicModel created successfully from URDF (base_link -> flange), 6 DoF.
[2026-07-07 01:50:19.639] [WRN] [KinematicModel] URDF loaded, but not all joint limits were available.
[2026-07-07 01:51:28.001] [DBG] [ClientState] Jog context updated: Frame=1, Tool=0, Base=0
[2026-07-07 01:51:33.049] [INF] [HardwareManager] Mode set to REAL on the built-in simulator backend (no physical driver).
[2026-07-07 01:51:33.049] [INF] [RobotState] Simulation mode updated: REAL
[2026-07-07 01:51:33.049] [INF] [RobotCtrl] Mode switched to REAL
[2026-07-07 01:51:33.049] [INF] [MotionManager] Reset requested.
[2026-07-07 01:51:33.066] [INF] [MotionManager] RT Loop reset complete.
[2026-07-07 01:51:33.081] [INF] [RobotCtrl] State synchronized after mode switch.
[2026-07-07 01:51:40.286] [DBG] [RobotCtrl] Jog cmd: frame=1, axis=2, inc=100, toolId=0, baseId=0
[2026-07-07 01:51:40.286] [DBG] [RobotCtrl] Jog commit: TCP world(mm,deg)=(-525.9999999999977, -1.5646441440448557, 863.6999793731752, 1.2474695237673903e-13, -7.727637021104767e-13, 111.48175990079721), IK step=11.89 deg
[2026-07-07 01:51:40.286] [INF] [MotionManager] Reset requested.
[2026-07-07 01:51:40.301] [INF] [MotionManager] RT Loop reset complete.
[2026-07-07 01:51:40.315] [INF] [Interpolator] Created MotionSegment of type 1 with 91 points. Duration: 0.363 s
[2026-07-07 01:51:41.974] [DBG] [RobotCtrl] Jog cmd: frame=1, axis=2, inc=-100, toolId=0, baseId=0
[2026-07-07 01:51:41.974] [DBG] [RobotCtrl] Jog commit: TCP world(mm,deg)=(-525.9999999999977, -1.5646441440448557, 763.6999793731752, 1.2474695237673903e-13, -7.727637021104767e-13, 111.48175990079721), IK step=11.90 deg
[2026-07-07 01:51:41.974] [INF] [MotionManager] Reset requested.
[2026-07-07 01:51:41.990] [INF] [MotionManager] RT Loop reset complete.
[2026-07-07 01:51:42.004] [INF] [Interpolator] Created MotionSegment of type 1 with 91 points. Duration: 0.364 s
[2026-07-07 01:51:43.020] [DBG] [RobotCtrl] Jog cmd: frame=1, axis=2, inc=-100, toolId=0, baseId=0
[2026-07-07 01:51:43.020] [DBG] [RobotCtrl] Jog commit: TCP world(mm,deg)=(-525.9999999999977, -1.5646441440448557, 663.6999793731752, 1.2474695237673903e-13, -7.727637021104767e-13, 111.48175990079721), IK step=10.95 deg
[2026-07-07 01:51:43.020] [INF] [MotionManager] Reset requested.
[2026-07-07 01:51:43.022] [INF] [MotionManager] RT Loop reset complete.
[2026-07-07 01:51:43.035] [INF] [Interpolator] Created MotionSegment of type 1 with 88 points. Duration: 0.349 s
[2026-07-07 01:51:45.005] [DBG] [RobotCtrl] Jog cmd: frame=1, axis=2, inc=100, toolId=0, baseId=0
[2026-07-07 01:51:45.005] [DBG] [RobotCtrl] Jog commit: TCP world(mm,deg)=(-525.9999999999977, -1.5646441440448557, 763.6999793731752, 1.2474695237673903e-13, -7.727637021104767e-13, 111.48175990079721), IK step=10.95 deg
[2026-07-07 01:51:45.005] [INF] [MotionManager] Reset requested.
[2026-07-07 01:51:45.006] [INF] [MotionManager] RT Loop reset complete.
[2026-07-07 01:51:45.020] [INF] [Interpolator] Created MotionSegment of type 1 with 88 points. Duration: 0.349 s
[2026-07-07 01:51:46.692] [DBG] [RobotCtrl] Jog cmd: frame=1, axis=0, inc=-100, toolId=0, baseId=0
[2026-07-07 01:51:46.692] [DBG] [RobotCtrl] Jog commit: TCP world(mm,deg)=(-625.9999999999977, -1.5646441440448557, 763.6999793731752, 1.2474695237673903e-13, -7.727637021104767e-13, 111.48175990079721), IK step=10.70 deg
[2026-07-07 01:51:46.692] [INF] [MotionManager] Reset requested.
[2026-07-07 01:51:46.694] [INF] [MotionManager] RT Loop reset complete.
[2026-07-07 01:51:46.706] [INF] [Interpolator] Created MotionSegment of type 1 with 87 points. Duration: 0.345 s
[2026-07-07 01:51:48.112] [DBG] [RobotCtrl] Jog cmd: frame=1, axis=0, inc=100, toolId=0, baseId=0
[2026-07-07 01:51:48.112] [DBG] [RobotCtrl] Jog commit: TCP world(mm,deg)=(-525.9999999999977, -1.5646441440448557, 763.6999793731752, 1.2474695237673903e-13, -7.727637021104767e-13, 111.48175990079721), IK step=10.70 deg
[2026-07-07 01:51:48.112] [INF] [MotionManager] Reset requested.
[2026-07-07 01:51:48.130] [INF] [MotionManager] RT Loop reset complete.
[2026-07-07 01:51:48.143] [INF] [Interpolator] Created MotionSegment of type 1 with 87 points. Duration: 0.345 s
[2026-07-07 01:51:49.005] [DBG] [RobotCtrl] Jog cmd: frame=1, axis=1, inc=-100, toolId=0, baseId=0
[2026-07-07 01:51:49.005] [DBG] [RobotCtrl] Jog commit: TCP world(mm,deg)=(-525.9999999999977, -101.56464414404486, 763.6999793731752, 1.2474695237673903e-13, -7.727637021104767e-13, 111.48175990079721), IK step=10.76 deg
[2026-07-07 01:51:49.005] [INF] [MotionManager] Reset requested.
[2026-07-07 01:51:49.019] [INF] [MotionManager] RT Loop reset complete.
[2026-07-07 01:51:49.034] [INF] [Interpolator] Created MotionSegment of type 1 with 87 points. Duration: 0.346 s
[2026-07-07 01:51:49.926] [DBG] [RobotCtrl] Jog cmd: frame=1, axis=1, inc=-100, toolId=0, baseId=0
[2026-07-07 01:51:49.926] [DBG] [RobotCtrl] Jog commit: TCP world(mm,deg)=(-525.9999999999977, -201.56464414404485, 763.6999793731752, 1.2474695237673903e-13, -7.727637021104767e-13, 111.48175990079721), IK step=10.04 deg
[2026-07-07 01:51:49.926] [INF] [MotionManager] Reset requested.
[2026-07-07 01:51:49.927] [INF] [MotionManager] RT Loop reset complete.
[2026-07-07 01:51:49.940] [INF] [Interpolator] Created MotionSegment of type 1 with 84 points. Duration: 0.334 s
[2026-07-07 01:51:50.645] [DBG] [RobotCtrl] Jog cmd: frame=1, axis=1, inc=-100, toolId=0, baseId=0
[2026-07-07 01:51:50.645] [DBG] [RobotCtrl] Jog commit: TCP world(mm,deg)=(-525.9999999999977, -301.56464414404485, 763.6999793731752, 1.2474695237673903e-13, -7.727637021104767e-13, 111.48175990079721), IK step=8.87 deg
[2026-07-07 01:51:50.645] [INF] [MotionManager] Reset requested.
[2026-07-07 01:51:50.659] [INF] [MotionManager] RT Loop reset complete.
[2026-07-07 01:51:50.676] [INF] [Interpolator] Created MotionSegment of type 1 with 79 points. Duration: 0.314 s
[2026-07-07 01:51:51.364] [DBG] [RobotCtrl] Jog cmd: frame=1, axis=1, inc=-100, toolId=0, baseId=0
[2026-07-07 01:51:51.364] [DBG] [RobotCtrl] Jog commit: TCP world(mm,deg)=(-525.9999999999977, -401.56464414404485, 763.6999793731752, 1.2474695237673903e-13, -7.727637021104767e-13, 111.48175990079721), IK step=7.55 deg
[2026-07-07 01:51:51.364] [INF] [MotionManager] Reset requested.
[2026-07-07 01:51:51.378] [INF] [MotionManager] RT Loop reset complete.
[2026-07-07 01:51:51.395] [INF] [Interpolator] Created MotionSegment of type 1 with 73 points. Duration: 0.290 s
[2026-07-07 01:51:52.176] [DBG] [RobotCtrl] Jog cmd: frame=1, axis=1, inc=-100, toolId=0, baseId=0
[2026-07-07 01:51:52.176] [DBG] [RobotCtrl] Jog commit: TCP world(mm,deg)=(-525.9999999999977, -501.56464414404485, 763.6999793731752, 1.2474695237673903e-13, -7.727637021104767e-13, 111.48175990079721), IK step=8.85 deg
[2026-07-07 01:51:52.176] [INF] [MotionManager] Reset requested.
[2026-07-07 01:51:52.177] [INF] [MotionManager] RT Loop reset complete.
[2026-07-07 01:51:52.190] [INF] [Interpolator] Created MotionSegment of type 1 with 79 points. Duration: 0.314 s
[2026-07-07 01:51:52.785] [DBG] [RobotCtrl] Jog cmd: frame=1, axis=1, inc=-100, toolId=0, baseId=0
[2026-07-07 01:51:52.785] [DBG] [RobotCtrl] Jog commit: TCP world(mm,deg)=(-525.9999999999977, -601.5646441440449, 763.6999793731752, 1.2474695237673903e-13, -7.727637021104767e-13, 111.48175990079721), IK step=11.77 deg
[2026-07-07 01:51:52.785] [INF] [MotionManager] Reset requested.
[2026-07-07 01:51:52.802] [INF] [MotionManager] RT Loop reset complete.
[2026-07-07 01:51:52.815] [INF] [Interpolator] Created MotionSegment of type 1 with 91 points. Duration: 0.362 s
[2026-07-07 01:51:53.567] [DBG] [RobotCtrl] Jog cmd: frame=1, axis=1, inc=-100, toolId=0, baseId=0
[2026-07-07 01:51:53.567] [DBG] [RobotCtrl] Jog commit: TCP world(mm,deg)=(-525.9999999999977, -701.5646441440449, 763.6999793731752, 1.2474695237673903e-13, -7.727637021104767e-13, 111.48175990079721), IK step=16.80 deg
[2026-07-07 01:51:53.567] [INF] [MotionManager] Reset requested.
[2026-07-07 01:51:53.582] [INF] [MotionManager] RT Loop reset complete.
[2026-07-07 01:51:53.597] [INF] [Interpolator] Created MotionSegment of type 1 with 109 points. Duration: 0.432 s
[2026-07-07 01:51:54.285] [DBG] [RobotCtrl] Jog cmd: frame=1, axis=1, inc=-100, toolId=0, baseId=0
[2026-07-07 01:51:54.287] [WRN] [KdlSolver] IK failed with KDL error code: -5. Target may be unreachable.
[2026-07-07 01:51:54.287] [WRN] [RobotCtrl] Jog IK failed (unreachable/singular). Step skipped; jog target not advanced.
[2026-07-07 01:51:59.411] [DBG] [RobotCtrl] Jog cmd: frame=1, axis=1, inc=100, toolId=0, baseId=0
[2026-07-07 01:51:59.411] [DBG] [RobotCtrl] Jog commit: TCP world(mm,deg)=(-525.9999999999977, -601.5646441440449, 763.6999793731752, 1.2474695237673903e-13, -7.727637021104767e-13, 111.48175990079721), IK step=16.80 deg
[2026-07-07 01:51:59.411] [INF] [MotionManager] Reset requested.
[2026-07-07 01:51:59.412] [INF] [MotionManager] RT Loop reset complete.
[2026-07-07 01:51:59.424] [INF] [Interpolator] Created MotionSegment of type 1 with 109 points. Duration: 0.432 s
[2026-07-07 01:52:00.191] [DBG] [RobotCtrl] Jog cmd: frame=1, axis=1, inc=100, toolId=0, baseId=0
[2026-07-07 01:52:00.191] [DBG] [RobotCtrl] Jog commit: TCP world(mm,deg)=(-525.9999999999977, -501.5646441440449, 763.6999793731752, 1.2474695237673903e-13, -7.727637021104767e-13, 111.48175990079721), IK step=11.75 deg
[2026-07-07 01:52:00.191] [INF] [MotionManager] Reset requested.
[2026-07-07 01:52:00.209] [INF] [MotionManager] RT Loop reset complete.
[2026-07-07 01:52:00.222] [INF] [Interpolator] Created MotionSegment of type 1 with 91 points. Duration: 0.361 s
[2026-07-07 01:52:01.194] [DBG] [RobotCtrl] Jog cmd: frame=1, axis=1, inc=100, toolId=0, baseId=0
[2026-07-07 01:52:01.194] [DBG] [RobotCtrl] Jog commit: TCP world(mm,deg)=(-525.9999999999977, -401.5646441440449, 763.6999793731752, 1.2474695237673903e-13, -7.727637021104767e-13, 111.48175990079721), IK step=8.87 deg
[2026-07-07 01:52:01.194] [INF] [MotionManager] Reset requested.
[2026-07-07 01:52:01.209] [INF] [MotionManager] RT Loop reset complete.
[2026-07-07 01:52:01.222] [INF] [Interpolator] Created MotionSegment of type 1 with 79 points. Duration: 0.314 s
[2026-07-07 01:52:01.911] [DBG] [RobotCtrl] Jog cmd: frame=1, axis=1, inc=100, toolId=0, baseId=0
[2026-07-07 01:52:01.911] [DBG] [RobotCtrl] Jog commit: TCP world(mm,deg)=(-525.9999999999977, -301.5646441440449, 763.6999793731752, 1.2474695237673903e-13, -7.727637021104767e-13, 111.48175990079721), IK step=7.55 deg
[2026-07-07 01:52:01.911] [INF] [MotionManager] Reset requested.
[2026-07-07 01:52:01.925] [INF] [MotionManager] RT Loop reset complete.
[2026-07-07 01:52:01.940] [INF] [Interpolator] Created MotionSegment of type 1 with 73 points. Duration: 0.290 s
[2026-07-07 01:52:02.568] [DBG] [RobotCtrl] Jog cmd: frame=1, axis=1, inc=100, toolId=0, baseId=0
[2026-07-07 01:52:02.568] [DBG] [RobotCtrl] Jog commit: TCP world(mm,deg)=(-525.9999999999977, -201.5646441440449, 763.6999793731752, 1.2474695237673903e-13, -7.727637021104767e-13, 111.48175990079721), IK step=8.87 deg
[2026-07-07 01:52:02.568] [INF] [MotionManager] Reset requested.
[2026-07-07 01:52:02.582] [INF] [MotionManager] RT Loop reset complete.
[2026-07-07 01:52:02.597] [INF] [Interpolator] Created MotionSegment of type 1 with 79 points. Duration: 0.314 s
[2026-07-07 01:52:03.471] [DBG] [RobotCtrl] Jog cmd: frame=1, axis=1, inc=100, toolId=0, baseId=0
[2026-07-07 01:52:03.471] [DBG] [RobotCtrl] Jog commit: TCP world(mm,deg)=(-525.9999999999977, -101.5646441440449, 763.6999793731752, 1.2474695237673903e-13, -7.727637021104767e-13, 111.48175990079721), IK step=10.05 deg
[2026-07-07 01:52:03.471] [INF] [MotionManager] Reset requested.
[2026-07-07 01:52:03.473] [INF] [MotionManager] RT Loop reset complete.
[2026-07-07 01:52:03.487] [INF] [Interpolator] Created MotionSegment of type 1 with 84 points. Duration: 0.334 s
[2026-07-07 01:52:04.191] [DBG] [RobotCtrl] Jog cmd: frame=1, axis=1, inc=100, toolId=0, baseId=0
[2026-07-07 01:52:04.191] [DBG] [RobotCtrl] Jog commit: TCP world(mm,deg)=(-525.9999999999977, -1.5646441440449053, 763.6999793731752, 1.2474695237673903e-13, -7.727637021104767e-13, 111.48175990079721), IK step=10.76 deg
[2026-07-07 01:52:04.191] [INF] [MotionManager] Reset requested.
[2026-07-07 01:52:04.206] [INF] [MotionManager] RT Loop reset complete.
[2026-07-07 01:52:04.221] [INF] [Interpolator] Created MotionSegment of type 1 with 87 points. Duration: 0.346 s[2026-07-07 02:08:08.778] [INF] [HexaStudioDesktop] --- Application Starting --- Version: 0.1.2
[2026-07-07 02:08:08.778] [DBG] [RobotState] RobotState instance created with default state.
[2026-07-07 02:08:08.778] [INF] [HexaCore] Using config file: D:\2.Github\HexaKinetica\HexaMotion\configs\hexacore_config.json
[2026-07-07 02:08:08.779] [INF] [Persistence] Configuration loaded successfully from 'D:\2.Github\HexaKinetica\HexaMotion\configs\hexacore_config.json' (format v1).
[2026-07-07 02:08:08.779] [INF] [RobotState] Applied persisted configuration to RobotState. New config version is 2.
[2026-07-07 02:08:08.779] [INF] [HexaCore] Using runtime config file: D:\2.Github\HexaKinetica\HexaMotion\configs\hexacore_runtime_config.json
[2026-07-07 02:08:08.794] [INF] [KinematicModel] KinematicModel created successfully from URDF (base_link -> flange), 6 DoF.
[2026-07-07 02:08:08.794] [WRN] [KinematicModel] URDF loaded, but not all joint limits were available.
[2026-07-07 02:08:08.794] [INF] [HexaCore] Kinematic model loaded from URDF: D:/2.Github/HexaKinetica/HexaMotion-SDK/robots/HexaArmMedium_Light_GLB/urdf/HexaArmMedium_Light.SLDASM.urdf
[2026-07-07 02:08:08.794] [WRN] [HexaCore] URDF loaded but limits were not fully available. Using state/default limits.
[2026-07-07 02:08:08.794] [INF] [KdlSolver] KDL Solvers initialized successfully.
[2026-07-07 02:08:08.794] [INF] [HexaCore] Realtime backend: INTERNAL SIMULATION (SimDriver). Set 'realtime_interface' to "udp" or "mks_tcp" in the runtime config to use a real backend.
[2026-07-07 02:08:08.794] [INF] [HexaCore] RDT listen: in-process loopback:30002
[2026-07-07 02:08:08.794] [INF] [HexaCore] Programs directory: D:\2.Github\HexaKinetica\HexaMotion\programs
[2026-07-07 02:08:08.794] [INF] [HexaCore] Resolved URDF path: D:/2.Github/HexaKinetica/HexaMotion-SDK/robots/HexaArmMedium_Light_GLB/urdf/HexaArmMedium_Light.SLDASM.urdf
[2026-07-07 02:08:08.794] [INF] [HexaCore] Startup mode: INTERNAL SIMULATION
[2026-07-07 02:08:08.794] [INF] [MotionManager] MotionManager created. Cycle: 4ms, Following Error Threshold: 5.00 deg.
[2026-07-07 02:08:08.794] [INF] [RobotCtrl] Initializing RobotController...
[2026-07-07 02:08:08.794] [INF] [HardwareManager] Started in Simulation mode.
[2026-07-07 02:08:08.794] [INF] [MotionManager] Starting RT Loop...
[2026-07-07 02:08:08.795] [INF] [RobotCtrl] RobotController initialized successfully.
[2026-07-07 02:08:08.795] [INF] [LoopbackNetwork] Loopback server listening (in-process, port tag 30002).
[2026-07-07 02:08:08.795] [INF] [HexaCore] Controller stack assembled. Listening on port 30002 for HMI connections.
[2026-07-07 02:08:08.795] [INF] [HexaCore] Controller NRT loop started (internal thread).
[2026-07-07 02:08:08.795] [DBG] [ClientState] ClientState instance created.
[2026-07-07 02:08:08.795] [INF] [MotionManager] RT thread started.
[2026-07-07 02:08:09.413] [DBG] [ClientState] Jog context updated: Frame=0, Tool=0, Base=0
[2026-07-07 02:08:09.413] [DBG] [ClientState] Jog context updated: Frame=0, Tool=0, Base=0
[2026-07-07 02:08:09.417] [INF] [ClientState] Sync state reset (ACK versions set to 0) to force full resync
[2026-07-07 02:08:09.417] [INF] [LoopbackNetwork] Loopback client connected (handle 1).
[2026-07-07 02:08:09.417] [INF] [RdtServer] Client connected: 1 (loopback)
[2026-07-07 02:08:09.417] [INF] [ClientState] Sync state reset (ACK versions set to 0) to force full resync
[2026-07-07 02:08:09.417] [INF] [RdtClient] Connected to RDT Server.
[2026-07-07 02:08:09.441] [INF] [ClientState] Initial sync complete. Adopted server mode: SIM
[2026-07-07 02:08:09.441] [INF] [ClientState] Synced to new config version 3
[2026-07-07 02:08:09.441] [INF] [ClientState] Synced to new program version 1
[2026-07-07 02:08:09.441] [INF] [ClientState] Synced to new trajectory version 1
[2026-07-07 02:08:09.908] [DBG] [ClientState] Jog context updated: Frame=0, Tool=0, Base=0
[2026-07-07 02:08:09.908] [DBG] [ClientState] Jog context updated: Frame=0, Tool=0, Base=0
[2026-07-07 02:08:09.925] [INF] [KinematicModel] KinematicModel created successfully from URDF (base_link -> flange), 6 DoF.
[2026-07-07 02:08:09.925] [WRN] [KinematicModel] URDF loaded, but not all joint limits were available.
[2026-07-07 02:11:51.769] [INF] [HardwareManager] Mode set to REAL on the built-in simulator backend (no physical driver).
[2026-07-07 02:11:51.769] [INF] [RobotState] Simulation mode updated: REAL
[2026-07-07 02:11:51.769] [INF] [RobotCtrl] Mode switched to REAL
[2026-07-07 02:11:51.769] [INF] [MotionManager] Reset requested.
[2026-07-07 02:11:51.770] [INF] [MotionManager] RT Loop reset complete.
[2026-07-07 02:11:51.784] [INF] [RobotCtrl] State synchronized after mode switch.
[2026-07-07 02:11:56.283] [DBG] [RobotCtrl] Jog cmd: frame=0, axis=4, inc=1, toolId=0, baseId=0
[2026-07-07 02:11:56.285] [INF] [MotionManager] Reset requested.
[2026-07-07 02:11:56.285] [INF] [MotionManager] RT Loop reset complete.
[2026-07-07 02:11:56.301] [INF] [Interpolator] Created MotionSegment of type 1 with 27 points. Duration: 0.105 s
[2026-07-07 02:11:56.301] [INF] [RobotCtrl] Jog planned successfully to axis 4: 1
[2026-07-07 02:11:59.065] [DBG] [RobotCtrl] Jog cmd: frame=0, axis=4, inc=1, toolId=0, baseId=0
[2026-07-07 02:11:59.065] [INF] [MotionManager] Reset requested.
[2026-07-07 02:11:59.067] [INF] [MotionManager] RT Loop reset complete.
[2026-07-07 02:11:59.081] [INF] [Interpolator] Created MotionSegment of type 1 with 27 points. Duration: 0.105 s
[2026-07-07 02:11:59.081] [INF] [RobotCtrl] Jog planned successfully to axis 4: 2
[2026-07-07 02:12:01.896] [DBG] [RobotCtrl] Jog cmd: frame=0, axis=4, inc=1, toolId=0, baseId=0
[2026-07-07 02:12:01.896] [INF] [MotionManager] Reset requested.
[2026-07-07 02:12:01.910] [INF] [MotionManager] RT Loop reset complete.
[2026-07-07 02:12:01.925] [INF] [Interpolator] Created MotionSegment of type 1 with 27 points. Duration: 0.105 s
[2026-07-07 02:12:01.925] [INF] [RobotCtrl] Jog planned successfully to axis 4: 3
[2026-07-07 02:12:04.346] [DBG] [RobotCtrl] Jog cmd: frame=0, axis=4, inc=1, toolId=0, baseId=0
[2026-07-07 02:12:04.346] [INF] [MotionManager] Reset requested.
[2026-07-07 02:12:04.349] [INF] [MotionManager] RT Loop reset complete.
[2026-07-07 02:12:04.362] [INF] [Interpolator] Created MotionSegment of type 1 with 27 points. Duration: 0.105 s
[2026-07-07 02:12:04.362] [INF] [RobotCtrl] Jog planned successfully to axis 4: 4
[2026-07-07 02:12:12.183] [DBG] [ClientState] Jog context updated: Frame=1, Tool=0, Base=0
[2026-07-07 02:12:16.708] [DBG] [RobotCtrl] Jog cmd: frame=1, axis=2, inc=100, toolId=0, baseId=0
[2026-07-07 02:12:16.710] [DBG] [RobotCtrl] Jog commit: TCP world(mm,deg)=(-535.1241467657292, -1.564644144044919, 864.0186015991903, 3.7229472635112315, -1.4637896672567738, 111.43418374234733), IK step=11.89 deg
[2026-07-07 02:12:16.710] [INF] [MotionManager] Reset requested.
[2026-07-07 02:12:16.724] [INF] [MotionManager] RT Loop reset complete.
[2026-07-07 02:12:16.737] [INF] [Interpolator] Created MotionSegment of type 1 with 91 points. Duration: 0.363 s
[2026-07-07 02:12:18.379] [DBG] [RobotCtrl] Jog cmd: frame=1, axis=2, inc=-100, toolId=0, baseId=0
[2026-07-07 02:12:18.379] [DBG] [RobotCtrl] Jog commit: TCP world(mm,deg)=(-535.1241467657292, -1.564644144044919, 764.0186015991903, 3.7229472635112333, -1.4637896672567743, 111.43418374234733), IK step=11.90 deg
[2026-07-07 02:12:18.379] [INF] [MotionManager] Reset requested.
[2026-07-07 02:12:18.394] [INF] [MotionManager] RT Loop reset complete.
[2026-07-07 02:12:18.409] [INF] [Interpolator] Created MotionSegment of type 1 with 91 points. Duration: 0.364 s
[2026-07-07 02:12:19.143] [DBG] [RobotCtrl] Jog cmd: frame=1, axis=2, inc=-100, toolId=0, baseId=0
[2026-07-07 02:12:19.143] [DBG] [RobotCtrl] Jog commit: TCP world(mm,deg)=(-535.1241467657292, -1.564644144044919, 664.0186015991903, 3.7229472635112346, -1.4637896672567747, 111.43418374234733), IK step=10.95 deg
[2026-07-07 02:12:19.143] [INF] [MotionManager] Reset requested.
[2026-07-07 02:12:19.144] [INF] [MotionManager] RT Loop reset complete.
[2026-07-07 02:12:19.159] [INF] [Interpolator] Created MotionSegment of type 1 with 88 points. Duration: 0.349 s
[2026-07-07 02:12:23.588] [INF] [RdtServer] Client disconnected: 1
[2026-07-07 02:12:23.588] [INF] [RdtClient] Disconnected from RDT Server.
[2026-07-07 02:12:23.600] [INF] [LoopbackNetwork] Loopback server stopped; 0 client(s) disconnected.
[2026-07-07 02:12:23.600] [INF] [HexaCore] Controller runtime stopped.
[2026-07-07 02:12:23.600] [INF] [HexaStudioDesktop] Shutdown complete.
[2026-07-07 02:12:23.716] [INF] [MotionManager] Stopping RT Loop...
[2026-07-07 02:12:23.724] [INF] [MotionManager] RT thread finishing.
[2026-07-07 02:12:23.725] [INF] [MotionManager] RT Loop stopped and thread joined.
[2026-07-07 02:17:16.160] [INF] [HexaStudioDesktop] --- Application Starting --- Version: 0.1.3
[2026-07-07 02:17:16.160] [DBG] [RobotState] RobotState instance created with default state.
[2026-07-07 02:17:16.160] [INF] [HexaCore] Using config file: D:\2.Github\HexaKinetica\HexaMotion\configs\hexacore_config.json
[2026-07-07 02:17:16.161] [INF] [Persistence] Configuration loaded successfully from 'D:\2.Github\HexaKinetica\HexaMotion\configs\hexacore_config.json' (format v1).
[2026-07-07 02:17:16.161] [INF] [RobotState] Applied persisted configuration to RobotState. New config version is 2.
[2026-07-07 02:17:16.161] [INF] [HexaCore] Using runtime config file: D:\2.Github\HexaKinetica\HexaMotion\configs\hexacore_runtime_config.json
[2026-07-07 02:17:16.175] [INF] [KinematicModel] KinematicModel created successfully from URDF (base_link -> flange), 6 DoF.
[2026-07-07 02:17:16.175] [WRN] [KinematicModel] URDF loaded, but not all joint limits were available.
[2026-07-07 02:17:16.175] [INF] [HexaCore] Kinematic model loaded from URDF: D:/2.Github/HexaKinetica/HexaMotion-SDK/robots/HexaArmMedium_Light_GLB/urdf/HexaArmMedium_Light.SLDASM.urdf
[2026-07-07 02:17:16.175] [WRN] [HexaCore] URDF loaded but limits were not fully available. Using state/default limits.
[2026-07-07 02:17:16.175] [INF] [KdlSolver] KDL Solvers initialized successfully.
[2026-07-07 02:17:16.175] [INF] [HexaCore] Realtime backend: INTERNAL SIMULATION (SimDriver). Set 'realtime_interface' to "udp" or "mks_tcp" in the runtime config to use a real backend.
[2026-07-07 02:17:16.175] [INF] [HexaCore] RDT listen: in-process loopback:30002
[2026-07-07 02:17:16.175] [INF] [HexaCore] Programs directory: D:\2.Github\HexaKinetica\HexaMotion\programs
[2026-07-07 02:17:16.175] [INF] [HexaCore] Resolved URDF path: D:/2.Github/HexaKinetica/HexaMotion-SDK/robots/HexaArmMedium_Light_GLB/urdf/HexaArmMedium_Light.SLDASM.urdf
[2026-07-07 02:17:16.175] [INF] [HexaCore] Startup mode: INTERNAL SIMULATION
[2026-07-07 02:17:16.175] [INF] [MotionManager] MotionManager created. Cycle: 4ms, Following Error Threshold: 5.00 deg.
[2026-07-07 02:17:16.175] [INF] [RobotCtrl] Initializing RobotController...
[2026-07-07 02:17:16.175] [INF] [HardwareManager] Initializing Realtime driver (background)...
[2026-07-07 02:17:16.175] [INF] [HardwareManager] Real driver re-initialized successfully.
[2026-07-07 02:17:16.175] [INF] [HardwareManager] Real driver ready. Initial position acquired.
[2026-07-07 02:17:16.175] [INF] [HardwareManager] Started in Simulation mode.
[2026-07-07 02:17:16.175] [INF] [MotionManager] Starting RT Loop...
[2026-07-07 02:17:16.175] [INF] [RobotCtrl] RobotController initialized successfully.
[2026-07-07 02:17:16.175] [INF] [LoopbackNetwork] Loopback server listening (in-process, port tag 30002).
[2026-07-07 02:17:16.175] [INF] [HexaCore] Controller stack assembled. Listening on port 30002 for HMI connections.
[2026-07-07 02:17:16.175] [INF] [HexaCore] Controller NRT loop started (internal thread).
[2026-07-07 02:17:16.176] [DBG] [ClientState] ClientState instance created.
[2026-07-07 02:17:16.176] [INF] [MotionManager] RT thread started.
[2026-07-07 02:17:16.844] [DBG] [ClientState] Jog context updated: Frame=0, Tool=0, Base=0
[2026-07-07 02:17:16.844] [DBG] [ClientState] Jog context updated: Frame=0, Tool=0, Base=0
[2026-07-07 02:17:16.848] [INF] [ClientState] Sync state reset (ACK versions set to 0) to force full resync
[2026-07-07 02:17:16.849] [INF] [LoopbackNetwork] Loopback client connected (handle 1).
[2026-07-07 02:17:16.849] [INF] [RdtServer] Client connected: 1 (loopback)
[2026-07-07 02:17:16.849] [INF] [ClientState] Sync state reset (ACK versions set to 0) to force full resync
[2026-07-07 02:17:16.849] [INF] [RdtClient] Connected to RDT Server.
[2026-07-07 02:17:16.944] [INF] [ClientState] Initial sync complete. Adopted server mode: SIM
[2026-07-07 02:17:16.944] [INF] [ClientState] Synced to new config version 3
[2026-07-07 02:17:16.944] [INF] [ClientState] Synced to new program version 1
[2026-07-07 02:17:16.944] [INF] [ClientState] Synced to new trajectory version 1
[2026-07-07 02:17:17.236] [DBG] [ClientState] Jog context updated: Frame=0, Tool=0, Base=0
[2026-07-07 02:17:17.236] [DBG] [ClientState] Jog context updated: Frame=0, Tool=0, Base=0
[2026-07-07 02:17:17.251] [INF] [KinematicModel] KinematicModel created successfully from URDF (base_link -> flange), 6 DoF.
[2026-07-07 02:17:17.251] [WRN] [KinematicModel] URDF loaded, but not all joint limits were available.
[2026-07-07 02:17:34.520] [INF] [HardwareManager] Mode set to REAL.
[2026-07-07 02:17:34.520] [INF] [RobotState] Simulation mode updated: REAL
[2026-07-07 02:17:34.520] [INF] [RobotCtrl] Mode switched to REAL
[2026-07-07 02:17:34.520] [INF] [MotionManager] Reset requested.
[2026-07-07 02:17:34.534] [INF] [MotionManager] RT Loop reset complete.
[2026-07-07 02:17:34.550] [INF] [RobotCtrl] State synchronized after mode switch.
[2026-07-07 02:17:41.054] [DBG] [RobotCtrl] Jog cmd: frame=0, axis=4, inc=5, toolId=0, baseId=0
[2026-07-07 02:17:41.054] [INF] [MotionManager] Reset requested.
[2026-07-07 02:17:41.069] [INF] [MotionManager] RT Loop reset complete.
[2026-07-07 02:17:41.081] [INF] [Interpolator] Created MotionSegment of type 1 with 59 points. Duration: 0.236 s
[2026-07-07 02:17:41.081] [INF] [RobotCtrl] Jog planned successfully to axis 4: 5
[2026-07-07 02:17:42.659] [DBG] [RobotCtrl] Jog cmd: frame=0, axis=4, inc=5, toolId=0, baseId=0
[2026-07-07 02:17:42.659] [INF] [MotionManager] Reset requested.
[2026-07-07 02:17:42.661] [INF] [MotionManager] RT Loop reset complete.
[2026-07-07 02:17:42.674] [INF] [Interpolator] Created MotionSegment of type 1 with 59 points. Duration: 0.236 s
[2026-07-07 02:17:42.675] [INF] [RobotCtrl] Jog planned successfully to axis 4: 10
[2026-07-07 02:17:43.269] [DBG] [RobotCtrl] Jog cmd: frame=0, axis=4, inc=5, toolId=0, baseId=0
[2026-07-07 02:17:43.269] [INF] [MotionManager] Reset requested.
[2026-07-07 02:17:43.284] [INF] [MotionManager] RT Loop reset complete.
[2026-07-07 02:17:43.300] [INF] [Interpolator] Created MotionSegment of type 1 with 59 points. Duration: 0.236 s
[2026-07-07 02:17:43.300] [INF] [RobotCtrl] Jog planned successfully to axis 4: 15
[2026-07-07 02:17:43.848] [DBG] [RobotCtrl] Jog cmd: frame=0, axis=4, inc=5, toolId=0, baseId=0
[2026-07-07 02:17:43.848] [INF] [MotionManager] Reset requested.
[2026-07-07 02:17:43.864] [INF] [MotionManager] RT Loop reset complete.
[2026-07-07 02:17:43.878] [INF] [Interpolator] Created MotionSegment of type 1 with 59 points. Duration: 0.236 s
[2026-07-07 02:17:43.878] [INF] [RobotCtrl] Jog planned successfully to axis 4: 20
[2026-07-07 02:17:44.441] [DBG] [RobotCtrl] Jog cmd: frame=0, axis=4, inc=5, toolId=0, baseId=0
[2026-07-07 02:17:44.441] [INF] [MotionManager] Reset requested.
[2026-07-07 02:17:44.457] [INF] [MotionManager] RT Loop reset complete.
[2026-07-07 02:17:44.472] [INF] [Interpolator] Created MotionSegment of type 1 with 59 points. Duration: 0.236 s
[2026-07-07 02:17:44.472] [INF] [RobotCtrl] Jog planned successfully to axis 4: 25
[2026-07-07 02:17:45.192] [DBG] [RobotCtrl] Jog cmd: frame=0, axis=4, inc=5, toolId=0, baseId=0
[2026-07-07 02:17:45.192] [INF] [MotionManager] Reset requested.
[2026-07-07 02:17:45.206] [INF] [MotionManager] RT Loop reset complete.
[2026-07-07 02:17:45.221] [INF] [Interpolator] Created MotionSegment of type 1 with 59 points. Duration: 0.236 s
[2026-07-07 02:17:45.221] [INF] [RobotCtrl] Jog planned successfully to axis 4: 30
[2026-07-07 02:17:46.083] [DBG] [RobotCtrl] Jog cmd: frame=0, axis=4, inc=5, toolId=0, baseId=0
[2026-07-07 02:17:46.083] [INF] [MotionManager] Reset requested.
[2026-07-07 02:17:46.096] [INF] [MotionManager] RT Loop reset complete.
[2026-07-07 02:17:46.112] [INF] [Interpolator] Created MotionSegment of type 1 with 59 points. Duration: 0.236 s
[2026-07-07 02:17:46.112] [INF] [RobotCtrl] Jog planned successfully to axis 4: 35
[2026-07-07 02:17:47.724] [DBG] [RobotCtrl] Jog cmd: frame=0, axis=4, inc=-5, toolId=0, baseId=0
[2026-07-07 02:17:47.724] [INF] [MotionManager] Reset requested.
[2026-07-07 02:17:47.740] [INF] [MotionManager] RT Loop reset complete.
[2026-07-07 02:17:47.753] [INF] [Interpolator] Created MotionSegment of type 1 with 59 points. Duration: 0.236 s
[2026-07-07 02:17:47.753] [INF] [RobotCtrl] Jog planned successfully to axis 4: 30
[2026-07-07 02:17:50.263] [DBG] [ClientState] Jog context updated: Frame=1, Tool=0, Base=0
[2026-07-07 02:18:25.356] [INF] [ClientState] Queued Program update with ReqID 1
[2026-07-07 02:18:25.365] [INF] [RobotCtrl] New program version received. Generating trajectory preview...
[2026-07-07 02:18:25.365] [INF] [Interpolator] Created MotionSegment of type 1 with 1 points. Duration: 0.000 s
[2026-07-07 02:18:25.410] [INF] [ClientState] Synced to new program version 2
[2026-07-07 02:18:25.410] [INF] [ClientState] Synced to new trajectory version 2
[2026-07-07 02:18:25.410] [INF] [ClientState] Cleared Program buffer after confirmation ID 1
[2026-07-07 02:18:46.552] [DBG] [RobotCtrl] Jog cmd: frame=1, axis=1, inc=-10, toolId=0, baseId=0
[2026-07-07 02:18:46.555] [DBG] [RobotCtrl] Jog commit: TCP world(mm,deg)=(-591.3999999999975, -11.564644144045417, 781.2238565581713, 28.24665593085431, -10.550524365718397, 108.82003625770757), IK step=1.26 deg
[2026-07-07 02:18:46.555] [INF] [MotionManager] Reset requested.
[2026-07-07 02:18:46.566] [INF] [MotionManager] RT Loop reset complete.
[2026-07-07 02:18:46.581] [INF] [Interpolator] Created MotionSegment of type 1 with 30 points. Duration: 0.118 s
[2026-07-07 02:18:47.973] [DBG] [RobotCtrl] Jog cmd: frame=1, axis=1, inc=10, toolId=0, baseId=0
[2026-07-07 02:18:47.973] [DBG] [RobotCtrl] Jog commit: TCP world(mm,deg)=(-591.3999999999975, -1.5646441440454169, 781.2238565581713, 28.24665593085431, -10.5505243657184, 108.82003625770757), IK step=1.26 deg
[2026-07-07 02:18:47.973] [INF] [MotionManager] Reset requested.
[2026-07-07 02:18:47.989] [INF] [MotionManager] RT Loop reset complete.
[2026-07-07 02:18:48.003] [INF] [Interpolator] Created MotionSegment of type 1 with 30 points. Duration: 0.118 s
[2026-07-07 02:18:48.583] [DBG] [RobotCtrl] Jog cmd: frame=1, axis=1, inc=10, toolId=0, baseId=0
[2026-07-07 02:18:48.583] [DBG] [RobotCtrl] Jog commit: TCP world(mm,deg)=(-591.3999999999975, 8.435355855954583, 781.2238565581713, 28.24665593085431, -10.550524365718404, 108.82003625770757), IK step=1.26 deg
[2026-07-07 02:18:48.583] [INF] [MotionManager] Reset requested.
[2026-07-07 02:18:48.597] [INF] [MotionManager] RT Loop reset complete.
[2026-07-07 02:18:48.597] [INF] [Interpolator] Created MotionSegment of type 1 with 30 points. Duration: 0.118 s
[2026-07-07 02:18:50.660] [DBG] [RobotCtrl] Jog cmd: frame=1, axis=1, inc=100, toolId=0, baseId=0
[2026-07-07 02:18:50.660] [DBG] [RobotCtrl] Jog commit: TCP world(mm,deg)=(-591.3999999999975, 108.43535585595458, 781.2238565581713, 28.24665593085431, -10.550524365718408, 108.82003625770757), IK step=12.32 deg
[2026-07-07 02:18:50.660] [INF] [MotionManager] Reset requested.
[2026-07-07 02:18:50.676] [INF] [MotionManager] RT Loop reset complete.
[2026-07-07 02:18:50.691] [INF] [Interpolator] Created MotionSegment of type 1 with 93 points. Duration: 0.370 s
[2026-07-07 02:18:50.706] [CRT] [MotionManager] Following Error on Axis 1! Error: 10.72 deg, Limit: 5.00 deg. Entering ERROR state.
[2026-07-07 02:18:50.708] [ERR] [RobotCtrl] Safety Error Detected! Code: 12
[2026-07-07 02:18:50.724] [ERR] [RobotCtrl] Safety Error Detected! Code: 12
[2026-07-07 02:18:50.754] [ERR] [RobotCtrl] Safety Error Detected! Code: 12
[2026-07-07 02:18:50.771] [ERR] [RobotCtrl] Safety Error Detected! Code: 12
[2026-07-07 02:18:50.802] [ERR] [RobotCtrl] Safety Error Detected! Code: 12
[2026-07-07 02:18:50.802] [ERR] [RobotCtrl] Safety Error Detected! Code: 12
[2026-07-07 02:18:50.816] [ERR] [RobotCtrl] Safety Error Detected! Code: 12
[2026-07-07 02:18:50.848] [ERR] [RobotCtrl] Safety Error Detected! Code: 12
[2026-07-07 02:18:50.848] [ERR] [RobotCtrl] Safety Error Detected! Code: 12
[2026-07-07 02:18:50.879] [ERR] [RobotCtrl] Safety Error Detected! Code: 12
[2026-07-07 02:18:50.896] [ERR] [RobotCtrl] Safety Error Detected! Code: 12
[2026-07-07 02:18:50.928] [ERR] [RobotCtrl] Safety Error Detected! Code: 12
[2026-07-07 02:18:50.958] [ERR] [RobotCtrl] Safety Error Detected! Code: 12
[2026-07-07 02:18:50.988] [ERR] [RobotCtrl] Safety Error Detected! Code: 12
[2026-07-07 02:18:51.020] [ERR] [RobotCtrl] Safety Error Detected! Code: 12
[2026-07-07 02:18:51.053] [ERR] [RobotCtrl] Safety Error Detected! Code: 12
[2026-07-07 02:18:51.083] [ERR] [RobotCtrl] Safety Error Detected! Code: 12
[2026-07-07 02:18:51.098] [ERR] [RobotCtrl] Safety Error Detected! Code: 12
[2026-07-07 02:18:51.131] [ERR] [RobotCtrl] Safety Error Detected! Code: 12
[2026-07-07 02:18:51.159] [ERR] [RobotCtrl] Safety Error Detected! Code: 12
[2026-07-07 02:18:51.159] [ERR] [RobotCtrl] Safety Error Detected! Code: 12
[2026-07-07 02:18:51.193] [ERR] [RobotCtrl] Safety Error Detected! Code: 12
[2026-07-07 02:18:51.208] [ERR] [RobotCtrl] Safety Error Detected! Code: 12
[2026-07-07 02:18:51.240] [ERR] [RobotCtrl] Safety Error Detected! Code: 12
[2026-07-07 02:18:51.270] [ERR] [RobotCtrl] Safety Error Detected! Code: 12
[2026-07-07 02:18:51.287] [ERR] [RobotCtrl] Safety Error Detected! Code: 12
[2026-07-07 02:18:51.315] [ERR] [RobotCtrl] Safety Error Detected! Code: 12
[2026-07-07 02:18:51.333] [ERR] [RobotCtrl] Safety Error Detected! Code: 12
[2026-07-07 02:18:51.333] [ERR] [RobotCtrl] Safety Error Detected! Code: 12
[2026-07-07 02:18:51.348] [ERR] [RobotCtrl] Safety Error Detected! Code: 12
[2026-07-07 02:18:51.364] [ERR] [RobotCtrl] Safety Error Detected! Code: 12
[2026-07-07 02:18:51.378] [ERR] [RobotCtrl] Safety Error Detected! Code: 12
[2026-07-07 02:18:51.411] [ERR] [RobotCtrl] Safety Error Detected! Code: 12
[2026-07-07 02:18:51.442] [ERR] [RobotCtrl] Safety Error Detected! Code: 12
[2026-07-07 02:18:51.473] [ERR] [RobotCtrl] Safety Error Detected! Code: 12
[2026-07-07 02:18:51.473] [ERR] [RobotCtrl] Safety Error Detected! Code: 12
[2026-07-07 02:18:51.488] [ERR] [RobotCtrl] Safety Error Detected! Code: 12
[2026-07-07 02:18:51.519] [ERR] [RobotCtrl] Safety Error Detected! Code: 12
[2026-07-07 02:18:51.519] [ERR] [RobotCtrl] Safety Error Detected! Code: 12
[2026-07-07 02:18:51.550] [ERR] [RobotCtrl] Safety Error Detected! Code: 12
[2026-07-07 02:18:51.566] [ERR] [RobotCtrl] Safety Error Detected! Code: 12
[2026-07-07 02:18:51.596] [ERR] [RobotCtrl] Safety Error Detected! Code: 12
[2026-07-07 02:18:51.596] [ERR] [RobotCtrl] Safety Error Detected! Code: 12
[2026-07-07 02:18:51.630] [ERR] [RobotCtrl] Safety Error Detected! Code: 12
[2026-07-07 02:18:51.630] [ERR] [RobotCtrl] Safety Error Detected! Code: 12
[2026-07-07 02:18:51.660] [ERR] [RobotCtrl] Safety Error Detected! Code: 12
[2026-07-07 02:18:51.677] [ERR] [RobotCtrl] Safety Error Detected! Code: 12
[2026-07-07 02:18:51.706] [ERR] [RobotCtrl] Safety Error Detected! Code: 12
[2026-07-07 02:18:51.723] [ERR] [RobotCtrl] Safety Error Detected! Code: 12
[2026-07-07 02:18:51.741] [ERR] [RobotCtrl] Safety Error Detected! Code: 12
[2026-07-07 02:18:51.755] [ERR] [RobotCtrl] Safety Error Detected! Code: 12
[2026-07-07 02:18:51.786] [ERR] [RobotCtrl] Safety Error Detected! Code: 12
[2026-07-07 02:18:51.816] [ERR] [RobotCtrl] Safety Error Detected! Code: 12
[2026-07-07 02:18:51.849] [ERR] [RobotCtrl] Safety Error Detected! Code: 12
[2026-07-07 02:18:51.849] [ERR] [RobotCtrl] Safety Error Detected! Code: 12
[2026-07-07 02:18:51.879] [ERR] [RobotCtrl] Safety Error Detected! Code: 12
[2026-07-07 02:18:51.909] [ERR] [RobotCtrl] Safety Error Detected! Code: 12
[2026-07-07 02:18:51.909] [ERR] [RobotCtrl] Safety Error Detected! Code: 12
[2026-07-07 02:18:51.940] [ERR] [RobotCtrl] Safety Error Detected! Code: 12
[2026-07-07 02:18:51.940] [ERR] [RobotCtrl] Safety Error Detected! Code: 12
[2026-07-07 02:18:51.974] [ERR] [RobotCtrl] Safety Error Detected! Code: 12
[2026-07-07 02:18:51.974] [ERR] [RobotCtrl] Safety Error Detected! Code: 12
[2026-07-07 02:18:51.989] [ERR] [RobotCtrl] Safety Error Detected! Code: 12
[2026-07-07 02:18:52.005] [ERR] [RobotCtrl] Safety Error Detected! Code: 12
[2026-07-07 02:18:52.019] [ERR] [RobotCtrl] Safety Error Detected! Code: 12
[2026-07-07 02:18:52.037] [ERR] [RobotCtrl] Safety Error Detected! Code: 12
[2026-07-07 02:18:52.066] [ERR] [RobotCtrl] Safety Error Detected! Code: 12
[2026-07-07 02:18:52.083] [ERR] [RobotCtrl] Safety Error Detected! Code: 12
[2026-07-07 02:18:52.115] [ERR] [RobotCtrl] Safety Error Detected! Code: 12
[2026-07-07 02:18:52.145] [ERR] [RobotCtrl] Safety Error Detected! Code: 12
[2026-07-07 02:18:52.162] [ERR] [RobotCtrl] Safety Error Detected! Code: 12
[2026-07-07 02:18:52.191] [ERR] [RobotCtrl] Safety Error Detected! Code: 12
[2026-07-07 02:18:52.208] [ERR] [RobotCtrl] Safety Error Detected! Code: 12
[2026-07-07 02:18:52.240] [ERR] [RobotCtrl] Safety Error Detected! Code: 12
[2026-07-07 02:18:52.254] [ERR] [RobotCtrl] Safety Error Detected! Code: 12
[2026-07-07 02:18:52.270] [ERR] [RobotCtrl] Safety Error Detected! Code: 12
[2026-07-07 02:18:52.302] [ERR] [RobotCtrl] Safety Error Detected! Code: 12
[2026-07-07 02:18:52.331] [ERR] [RobotCtrl] Safety Error Detected! Code: 12
[2026-07-07 02:18:52.347] [ERR] [RobotCtrl] Safety Error Detected! Code: 12
[2026-07-07 02:18:52.364] [ERR] [RobotCtrl] Safety Error Detected! Code: 12
[2026-07-07 02:18:52.395] [ERR] [RobotCtrl] Safety Error Detected! Code: 12
[2026-07-07 02:18:52.427] [ERR] [RobotCtrl] Safety Error Detected! Code: 12
[2026-07-07 02:18:52.458] [ERR] [RobotCtrl] Safety Error Detected! Code: 12
[2026-07-07 02:18:52.490] [ERR] [RobotCtrl] Safety Error Detected! Code: 12
[2026-07-07 02:18:52.521] [ERR] [RobotCtrl] Safety Error Detected! Code: 12
[2026-07-07 02:18:52.549] [ERR] [RobotCtrl] Safety Error Detected! Code: 12
[2026-07-07 02:18:52.549] [ERR] [RobotCtrl] Safety Error Detected! Code: 12
[2026-07-07 02:18:52.582] [ERR] [RobotCtrl] Safety Error Detected! Code: 12
[2026-07-07 02:18:52.582] [ERR] [RobotCtrl] Safety Error Detected! Code: 12
[2026-07-07 02:18:52.612] [ERR] [RobotCtrl] Safety Error Detected! Code: 12
[2026-07-07 02:18:52.612] [ERR] [RobotCtrl] Safety Error Detected! Code: 12
[2026-07-07 02:18:52.643] [ERR] [RobotCtrl] Safety Error Detected! Code: 12
[2026-07-07 02:18:52.643] [ERR] [RobotCtrl] Safety Error Detected! Code: 12
[2026-07-07 02:18:52.677] [ERR] [RobotCtrl] Safety Error Detected! Code: 12
[2026-07-07 02:18:52.708] [ERR] [RobotCtrl] Safety Error Detected! Code: 12
[2026-07-07 02:18:52.722] [ERR] [RobotCtrl] Safety Error Detected! Code: 12
[2026-07-07 02:18:52.722] [ERR] [RobotCtrl] Safety Error Detected! Code: 12
[2026-07-07 02:18:52.740] [ERR] [RobotCtrl] Safety Error Detected! Code: 12
[2026-07-07 02:18:52.770] [ERR] [RobotCtrl] Safety Error Detected! Code: 12
[2026-07-07 02:18:52.799] [ERR] [RobotCtrl] Safety Error Detected! Code: 12
[2026-07-07 02:18:52.817] [ERR] [RobotCtrl] Safety Error Detected! Code: 12
[2026-07-07 02:18:52.849] [ERR] [RobotCtrl] Safety Error Detected! Code: 12
[2026-07-07 02:18:52.849] [ERR] [RobotCtrl] Safety Error Detected! Code: 12
[2026-07-07 02:18:52.879] [ERR] [RobotCtrl] Safety Error Detected! Code: 12
[2026-07-07 02:18:52.909] [ERR] [RobotCtrl] Safety Error Detected! Code: 12
[2026-07-07 02:18:52.909] [ERR] [RobotCtrl] Safety Error Detected! Code: 12
[2026-07-07 02:18:52.943] [ERR] [RobotCtrl] Safety Error Detected! Code: 12
[2026-07-07 02:18:52.943] [ERR] [RobotCtrl] Safety Error Detected! Code: 12
[2026-07-07 02:18:52.972] [ERR] [RobotCtrl] Safety Error Detected! Code: 12
[2026-07-07 02:18:52.972] [ERR] [RobotCtrl] Safety Error Detected! Code: 12
[2026-07-07 02:18:53.003] [ERR] [RobotCtrl] Safety Error Detected! Code: 12
[2026-07-07 02:18:53.003] [ERR] [RobotCtrl] Safety Error Detected! Code: 12
[2026-07-07 02:18:53.037] [ERR] [RobotCtrl] Safety Error Detected! Code: 12
[2026-07-07 02:18:53.037] [ERR] [RobotCtrl] Safety Error Detected! Code: 12
[2026-07-07 02:18:53.066] [ERR] [RobotCtrl] Safety Error Detected! Code: 12
[2026-07-07 02:18:53.098] [ERR] [RobotCtrl] Safety Error Detected! Code: 12
[2026-07-07 02:18:53.130] [ERR] [RobotCtrl] Safety Error Detected! Code: 12
[2026-07-07 02:18:53.160] [ERR] [RobotCtrl] Safety Error Detected! Code: 12
[2026-07-07 02:18:53.160] [ERR] [RobotCtrl] Safety Error Detected! Code: 12
[2026-07-07 02:18:53.190] [ERR] [RobotCtrl] Safety Error Detected! Code: 12
[2026-07-07 02:18:53.190] [ERR] [RobotCtrl] Safety Error Detected! Code: 12
[2026-07-07 02:18:53.207] [ERR] [RobotCtrl] Safety Error Detected! Code: 12
[2026-07-07 02:18:53.237] [ERR] [RobotCtrl] Safety Error Detected! Code: 12
[2026-07-07 02:18:53.255] [ERR] [RobotCtrl] Safety Error Detected! Code: 12
[2026-07-07 02:18:53.285] [ERR] [RobotCtrl] Safety Error Detected! Code: 12
[2026-07-07 02:18:53.317] [ERR] [RobotCtrl] Safety Error Detected! Code: 12
[2026-07-07 02:18:53.333] [ERR] [RobotCtrl] Safety Error Detected! Code: 12
[2026-07-07 02:18:53.363] [ERR] [RobotCtrl] Safety Error Detected! Code: 12
[2026-07-07 02:18:53.380] [ERR] [RobotCtrl] Safety Error Detected! Code: 12
[2026-07-07 02:18:53.394] [ERR] [RobotCtrl] Safety Error Detected! Code: 12
[2026-07-07 02:18:53.426] [ERR] [RobotCtrl] Safety Error Detected! Code: 12
[2026-07-07 02:18:53.426] [ERR] [RobotCtrl] Safety Error Detected! Code: 12
[2026-07-07 02:18:53.443] [ERR] [RobotCtrl] Safety Error Detected! Code: 12
[2026-07-07 02:18:53.458] [ERR] [RobotCtrl] Safety Error Detected! Code: 12
[2026-07-07 02:18:53.489] [ERR] [RobotCtrl] Safety Error Detected! Code: 12
[2026-07-07 02:18:53.489] [ERR] [RobotCtrl] Safety Error Detected! Code: 12
[2026-07-07 02:18:53.521] [ERR] [RobotCtrl] Safety Error Detected! Code: 12
[2026-07-07 02:18:53.521] [ERR] [RobotCtrl] Safety Error Detected! Code: 12
[2026-07-07 02:18:53.551] [ERR] [RobotCtrl] Safety Error Detected! Code: 12
[2026-07-07 02:18:53.583] [ERR] [RobotCtrl] Safety Error Detected! Code: 12
[2026-07-07 02:18:53.612] [ERR] [RobotCtrl] Safety Error Detected! Code: 12
[2026-07-07 02:18:53.612] [ERR] [RobotCtrl] Safety Error Detected! Code: 12
[2026-07-07 02:18:53.645] [ERR] [RobotCtrl] Safety Error Detected! Code: 12
[2026-07-07 02:18:53.676] [ERR] [RobotCtrl] Safety Error Detected! Code: 12
[2026-07-07 02:18:53.691] [ERR] [RobotCtrl] Safety Error Detected! Code: 12
[2026-07-07 02:18:53.691] [ERR] [RobotCtrl] Safety Error Detected! Code: 12
[2026-07-07 02:18:53.708] [ERR] [RobotCtrl] Safety Error Detected! Code: 12
[2026-07-07 02:18:53.739] [ERR] [RobotCtrl] Safety Error Detected! Code: 12
[2026-07-07 02:18:53.770] [ERR] [RobotCtrl] Safety Error Detected! Code: 12
[2026-07-07 02:18:53.802] [ERR] [RobotCtrl] Safety Error Detected! Code: 12
[2026-07-07 02:18:53.831] [ERR] [RobotCtrl] Safety Error Detected! Code: 12
[2026-07-07 02:18:53.847] [ERR] [RobotCtrl] Safety Error Detected! Code: 12
[2026-07-07 02:18:53.865] [ERR] [RobotCtrl] Safety Error Detected! Code: 12
[2026-07-07 02:18:53.895] [ERR] [RobotCtrl] Safety Error Detected! Code: 12
[2026-07-07 02:18:53.926] [ERR] [RobotCtrl] Safety Error Detected! Code: 12
[2026-07-07 02:18:53.942] [ERR] [RobotCtrl] Safety Error Detected! Code: 12
[2026-07-07 02:18:53.957] [ERR] [RobotCtrl] Safety Error Detected! Code: 12
[2026-07-07 02:18:53.988] [ERR] [RobotCtrl] Safety Error Detected! Code: 12
[2026-07-07 02:18:53.988] [ERR] [RobotCtrl] Safety Error Detected! Code: 12
[2026-07-07 02:18:54.021] [ERR] [RobotCtrl] Safety Error Detected! Code: 12
[2026-07-07 02:18:54.051] [ERR] [RobotCtrl] Safety Error Detected! Code: 12
[2026-07-07 02:18:54.051] [ERR] [RobotCtrl] Safety Error Detected! Code: 12
[2026-07-07 02:18:54.081] [ERR] [RobotCtrl] Safety Error Detected! Code: 12
[2026-07-07 02:18:54.081] [ERR] [RobotCtrl] Safety Error Detected! Code: 12
[2026-07-07 02:18:54.115] [ERR] [RobotCtrl] Safety Error Detected! Code: 12
[2026-07-07 02:18:54.115] [ERR] [RobotCtrl] Safety Error Detected! Code: 12
[2026-07-07 02:18:54.129] [ERR] [RobotCtrl] Safety Error Detected! Code: 12
[2026-07-07 02:18:54.159] [ERR] [RobotCtrl] Safety Error Detected! Code: 12
[2026-07-07 02:18:54.159] [ERR] [RobotCtrl] Safety Error Detected! Code: 12
[2026-07-07 02:18:54.193] [ERR] [RobotCtrl] Safety Error Detected! Code: 12
[2026-07-07 02:18:54.208] [ERR] [RobotCtrl] Safety Error Detected! Code: 12
[2026-07-07 02:18:54.239] [ERR] [RobotCtrl] Safety Error Detected! Code: 12
[2026-07-07 02:18:54.255] [ERR] [RobotCtrl] Safety Error Detected! Code: 12
[2026-07-07 02:18:54.269] [ERR] [RobotCtrl] Safety Error Detected! Code: 12
[2026-07-07 02:18:54.286] [ERR] [RobotCtrl] Safety Error Detected! Code: 12
[2026-07-07 02:18:54.301] [ERR] [RobotCtrl] Safety Error Detected! Code: 12
[2026-07-07 02:18:54.301] [ERR] [RobotCtrl] Safety Error Detected! Code: 12
[2026-07-07 02:18:54.332] [ERR] [RobotCtrl] Safety Error Detected! Code: 12
[2026-07-07 02:18:54.349] [ERR] [RobotCtrl] Safety Error Detected! Code: 12
[2026-07-07 02:18:54.380] [ERR] [RobotCtrl] Safety Error Detected! Code: 12
[2026-07-07 02:18:54.394] [ERR] [RobotCtrl] Safety Error Detected! Code: 12
[2026-07-07 02:18:54.412] [ERR] [RobotCtrl] Safety Error Detected! Code: 12
[2026-07-07 02:18:54.426] [ERR] [RobotCtrl] Safety Error Detected! Code: 12
[2026-07-07 02:18:54.456] [ERR] [RobotCtrl] Safety Error Detected! Code: 12
[2026-07-07 02:18:54.456] [ERR] [RobotCtrl] Safety Error Detected! Code: 12
[2026-07-07 02:18:54.490] [ERR] [RobotCtrl] Safety Error Detected! Code: 12
[2026-07-07 02:18:54.505] [ERR] [RobotCtrl] Safety Error Detected! Code: 12
[2026-07-07 02:18:54.535] [ERR] [RobotCtrl] Safety Error Detected! Code: 12
[2026-07-07 02:18:54.552] [ERR] [RobotCtrl] Safety Error Detected! Code: 12
[2026-07-07 02:18:54.566] [ERR] [RobotCtrl] Safety Error Detected! Code: 12
[2026-07-07 02:18:54.583] [ERR] [RobotCtrl] Safety Error Detected! Code: 12
[2026-07-07 02:18:54.614] [ERR] [RobotCtrl] Safety Error Detected! Code: 12
[2026-07-07 02:18:54.614] [ERR] [RobotCtrl] Safety Error Detected! Code: 12
[2026-07-07 02:18:54.629] [ERR] [RobotCtrl] Safety Error Detected! Code: 12
[2026-07-07 02:18:54.660] [ERR] [RobotCtrl] Safety Error Detected! Code: 12
[2026-07-07 02:18:54.675] [ERR] [RobotCtrl] Safety Error Detected! Code: 12
[2026-07-07 02:18:54.693] [ERR] [RobotCtrl] Safety Error Detected! Code: 12
[2026-07-07 02:18:54.706] [ERR] [RobotCtrl] Safety Error Detected! Code: 12
[2026-07-07 02:18:54.724] [ERR] [RobotCtrl] Safety Error Detected! Code: 12
[2026-07-07 02:18:54.756] [ERR] [RobotCtrl] Safety Error Detected! Code: 12
[2026-07-07 02:18:54.786] [ERR] [RobotCtrl] Safety Error Detected! Code: 12
[2026-07-07 02:18:54.803] [ERR] [RobotCtrl] Safety Error Detected! Code: 12
[2026-07-07 02:18:54.833] [ERR] [RobotCtrl] Safety Error Detected! Code: 12
[2026-07-07 02:18:54.833] [ERR] [RobotCtrl] Safety Error Detected! Code: 12
[2026-07-07 02:18:54.864] [ERR] [RobotCtrl] Safety Error Detected! Code: 12
[2026-07-07 02:18:54.896] [ERR] [RobotCtrl] Safety Error Detected! Code: 12
[2026-07-07 02:18:54.928] [ERR] [RobotCtrl] Safety Error Detected! Code: 12
[2026-07-07 02:18:54.956] [ERR] [RobotCtrl] Safety Error Detected! Code: 12
[2026-07-07 02:18:54.973] [ERR] [RobotCtrl] Safety Error Detected! Code: 12
[2026-07-07 02:18:55.002] [ERR] [RobotCtrl] Safety Error Detected! Code: 12
[2026-07-07 02:18:55.002] [ERR] [RobotCtrl] Safety Error Detected! Code: 12
[2026-07-07 02:18:55.019] [ERR] [RobotCtrl] Safety Error Detected! Code: 12
[2026-07-07 02:18:55.050] [ERR] [RobotCtrl] Safety Error Detected! Code: 12
[2026-07-07 02:18:55.067] [ERR] [RobotCtrl] Safety Error Detected! Code: 12
[2026-07-07 02:18:55.082] [ERR] [RobotCtrl] Safety Error Detected! Code: 12
[2026-07-07 02:18:55.114] [ERR] [RobotCtrl] Safety Error Detected! Code: 12
[2026-07-07 02:18:55.143] [ERR] [RobotCtrl] Safety Error Detected! Code: 12
[2026-07-07 02:18:55.143] [ERR] [RobotCtrl] Safety Error Detected! Code: 12
[2026-07-07 02:18:55.175] [ERR] [RobotCtrl] Safety Error Detected! Code: 12
[2026-07-07 02:18:55.175] [ERR] [RobotCtrl] Safety Error Detected! Code: 12
[2026-07-07 02:18:55.192] [ERR] [RobotCtrl] Safety Error Detected! Code: 12
[2026-07-07 02:18:55.222] [ERR] [RobotCtrl] Safety Error Detected! Code: 12
[2026-07-07 02:18:55.237] [ERR] [RobotCtrl] Safety Error Detected! Code: 12
[2026-07-07 02:18:55.255] [ERR] [RobotCtrl] Safety Error Detected! Code: 12
[2026-07-07 02:18:55.284] [ERR] [RobotCtrl] Safety Error Detected! Code: 12
[2026-07-07 02:18:55.284] [ERR] [RobotCtrl] Safety Error Detected! Code: 12
[2026-07-07 02:18:55.316] [ERR] [RobotCtrl] Safety Error Detected! Code: 12
[2026-07-07 02:18:55.333] [ERR] [RobotCtrl] Safety Error Detected! Code: 12
[2026-07-07 02:18:55.364] [ERR] [RobotCtrl] Safety Error Detected! Code: 12
[2026-07-07 02:18:55.364] [ERR] [RobotCtrl] Safety Error Detected! Code: 12
[2026-07-07 02:18:55.395] [ERR] [RobotCtrl] Safety Error Detected! Code: 12
[2026-07-07 02:18:55.428] [ERR] [RobotCtrl] Safety Error Detected! Code: 12
[2026-07-07 02:18:55.457] [ERR] [RobotCtrl] Safety Error Detected! Code: 12
[2026-07-07 02:18:55.457] [ERR] [RobotCtrl] Safety Error Detected! Code: 12
[2026-07-07 02:18:55.473] [ERR] [RobotCtrl] Safety Error Detected! Code: 12
[2026-07-07 02:18:55.490] [ERR] [RobotCtrl] Safety Error Detected! Code: 12
[2026-07-07 02:18:55.521] [ERR] [RobotCtrl] Safety Error Detected! Code: 12
[2026-07-07 02:18:55.552] [ERR] [RobotCtrl] Safety Error Detected! Code: 12
[2026-07-07 02:18:55.583] [ERR] [RobotCtrl] Safety Error Detected! Code: 12
[2026-07-07 02:18:55.583] [ERR] [RobotCtrl] Safety Error Detected! Code: 12
[2026-07-07 02:18:55.612] [ERR] [RobotCtrl] Safety Error Detected! Code: 12
[2026-07-07 02:18:55.612] [ERR] [RobotCtrl] Safety Error Detected! Code: 12
[2026-07-07 02:18:55.645] [ERR] [RobotCtrl] Safety Error Detected! Code: 12
[2026-07-07 02:18:55.678] [ERR] [RobotCtrl] Safety Error Detected! Code: 12
[2026-07-07 02:18:55.708] [ERR] [RobotCtrl] Safety Error Detected! Code: 12
[2026-07-07 02:18:55.708] [ERR] [RobotCtrl] Safety Error Detected! Code: 12
[2026-07-07 02:18:55.741] [ERR] [RobotCtrl] Safety Error Detected! Code: 12
[2026-07-07 02:18:55.741] [ERR] [RobotCtrl] Safety Error Detected! Code: 12
[2026-07-07 02:18:55.770] [ERR] [RobotCtrl] Safety Error Detected! Code: 12
[2026-07-07 02:18:55.802] [ERR] [RobotCtrl] Safety Error Detected! Code: 12
[2026-07-07 02:18:55.802] [ERR] [RobotCtrl] Safety Error Detected! Code: 12
[2026-07-07 02:18:55.833] [ERR] [RobotCtrl] Safety Error Detected! Code: 12
[2026-07-07 02:18:55.833] [ERR] [RobotCtrl] Safety Error Detected! Code: 12
[2026-07-07 02:18:55.865] [ERR] [RobotCtrl] Safety Error Detected! Code: 12
[2026-07-07 02:18:55.879] [ERR] [RobotCtrl] Safety Error Detected! Code: 12
[2026-07-07 02:18:55.911] [ERR] [RobotCtrl] Safety Error Detected! Code: 12
[2026-07-07 02:18:55.942] [ERR] [RobotCtrl] Safety Error Detected! Code: 12
[2026-07-07 02:18:55.942] [ERR] [RobotCtrl] Safety Error Detected! Code: 12
[2026-07-07 02:18:55.973] [ERR] [RobotCtrl] Safety Error Detected! Code: 12
[2026-07-07 02:18:55.973] [ERR] [RobotCtrl] Safety Error Detected! Code: 12
[2026-07-07 02:18:55.989] [ERR] [RobotCtrl] Safety Error Detected! Code: 12
[2026-07-07 02:18:56.020] [ERR] [RobotCtrl] Safety Error Detected! Code: 12
[2026-07-07 02:18:56.020] [ERR] [RobotCtrl] Safety Error Detected! Code: 12
[2026-07-07 02:18:56.052] [ERR] [RobotCtrl] Safety Error Detected! Code: 12
[2026-07-07 02:18:56.069] [ERR] [RobotCtrl] Safety Error Detected! Code: 12
[2026-07-07 02:18:56.083] [ERR] [RobotCtrl] Safety Error Detected! Code: 12
[2026-07-07 02:18:56.115] [ERR] [RobotCtrl] Safety Error Detected! Code: 12
[2026-07-07 02:18:56.129] [ERR] [RobotCtrl] Safety Error Detected! Code: 12
[2026-07-07 02:18:56.160] [ERR] [RobotCtrl] Safety Error Detected! Code: 12
[2026-07-07 02:18:56.191] [ERR] [RobotCtrl] Safety Error Detected! Code: 12
[2026-07-07 02:18:56.191] [ERR] [RobotCtrl] Safety Error Detected! Code: 12
[2026-07-07 02:18:56.223] [ERR] [RobotCtrl] Safety Error Detected! Code: 12
[2026-07-07 02:18:56.239] [ERR] [RobotCtrl] Safety Error Detected! Code: 12
[2026-07-07 02:18:56.256] [ERR] [RobotCtrl] Safety Error Detected! Code: 12
[2026-07-07 02:18:56.270] [ERR] [RobotCtrl] Safety Error Detected! Code: 12
[2026-07-07 02:18:56.286] [ERR] [RobotCtrl] Safety Error Detected! Code: 12
[2026-07-07 02:18:56.301] [ERR] [RobotCtrl] Safety Error Detected! Code: 12
[2026-07-07 02:18:56.332] [ERR] [RobotCtrl] Safety Error Detected! Code: 12
[2026-07-07 02:18:56.346] [ERR] [RobotCtrl] Safety Error Detected! Code: 12
[2026-07-07 02:18:56.346] [ERR] [RobotCtrl] Safety Error Detected! Code: 12
[2026-07-07 02:18:56.365] [ERR] [RobotCtrl] Safety Error Detected! Code: 12
[2026-07-07 02:18:56.379] [ERR] [RobotCtrl] Safety Error Detected! Code: 12
[2026-07-07 02:18:56.395] [ERR] [RobotCtrl] Safety Error Detected! Code: 12
[2026-07-07 02:18:56.428] [ERR] [RobotCtrl] Safety Error Detected! Code: 12
[2026-07-07 02:18:56.457] [ERR] [RobotCtrl] Safety Error Detected! Code: 12
[2026-07-07 02:18:56.471] [ERR] [RobotCtrl] Safety Error Detected! Code: 12
[2026-07-07 02:18:56.488] [ERR] [RobotCtrl] Safety Error Detected! Code: 12
[2026-07-07 02:18:56.488] [ERR] [RobotCtrl] Safety Error Detected! Code: 12
[2026-07-07 02:18:56.520] [ERR] [RobotCtrl] Safety Error Detected! Code: 12
[2026-07-07 02:18:56.520] [ERR] [RobotCtrl] Safety Error Detected! Code: 12
[2026-07-07 02:18:56.551] [ERR] [RobotCtrl] Safety Error Detected! Code: 12
[2026-07-07 02:18:56.551] [ERR] [RobotCtrl] Safety Error Detected! Code: 12
[2026-07-07 02:18:56.581] [ERR] [RobotCtrl] Safety Error Detected! Code: 12
[2026-07-07 02:18:56.581] [ERR] [RobotCtrl] Safety Error Detected! Code: 12
[2026-07-07 02:18:56.613] [ERR] [RobotCtrl] Safety Error Detected! Code: 12
[2026-07-07 02:18:56.613] [ERR] [RobotCtrl] Safety Error Detected! Code: 12
[2026-07-07 02:18:56.644] [ERR] [RobotCtrl] Safety Error Detected! Code: 12
[2026-07-07 02:18:56.644] [ERR] [RobotCtrl] Safety Error Detected! Code: 12
[2026-07-07 02:18:56.678] [ERR] [RobotCtrl] Safety Error Detected! Code: 12
[2026-07-07 02:18:56.707] [ERR] [RobotCtrl] Safety Error Detected! Code: 12
[2026-07-07 02:18:56.723] [ERR] [RobotCtrl] Safety Error Detected! Code: 12
[2026-07-07 02:18:56.753] [ERR] [RobotCtrl] Safety Error Detected! Code: 12
[2026-07-07 02:18:56.769] [ERR] [RobotCtrl] Safety Error Detected! Code: 12
[2026-07-07 02:18:56.769] [ERR] [RobotCtrl] Safety Error Detected! Code: 12
[2026-07-07 02:18:56.802] [ERR] [RobotCtrl] Safety Error Detected! Code: 12
[2026-07-07 02:18:56.833] [ERR] [RobotCtrl] Safety Error Detected! Code: 12
[2026-07-07 02:18:56.833] [ERR] [RobotCtrl] Safety Error Detected! Code: 12
[2026-07-07 02:18:56.865] [ERR] [RobotCtrl] Safety Error Detected! Code: 12
[2026-07-07 02:18:56.894] [ERR] [RobotCtrl] Safety Error Detected! Code: 12
[2026-07-07 02:18:56.910] [ERR] [RobotCtrl] Safety Error Detected! Code: 12
[2026-07-07 02:18:56.928] [ERR] [RobotCtrl] Safety Error Detected! Code: 12
[2026-07-07 02:18:56.958] [ERR] [RobotCtrl] Safety Error Detected! Code: 12
[2026-07-07 02:18:56.989] [ERR] [RobotCtrl] Safety Error Detected! Code: 12
[2026-07-07 02:18:57.020] [ERR] [RobotCtrl] Safety Error Detected! Code: 12
[2026-07-07 02:18:57.020] [ERR] [RobotCtrl] Safety Error Detected! Code: 12
[2026-07-07 02:18:57.020] [ERR] [RobotCtrl] Safety Error Detected! Code: 12
[2026-07-07 02:18:57.052] [ERR] [RobotCtrl] Safety Error Detected! Code: 12
[2026-07-07 02:18:57.066] [ERR] [RobotCtrl] Safety Error Detected! Code: 12
[2026-07-07 02:18:57.083] [ERR] [RobotCtrl] Safety Error Detected! Code: 12
[2026-07-07 02:18:57.097] [ERR] [RobotCtrl] Safety Error Detected! Code: 12
[2026-07-07 02:18:57.130] [ERR] [RobotCtrl] Safety Error Detected! Code: 12
[2026-07-07 02:18:57.159] [ERR] [RobotCtrl] Safety Error Detected! Code: 12
[2026-07-07 02:18:57.159] [ERR] [RobotCtrl] Safety Error Detected! Code: 12
[2026-07-07 02:18:57.190] [ERR] [RobotCtrl] Safety Error Detected! Code: 12
[2026-07-07 02:18:57.190] [ERR] [RobotCtrl] Safety Error Detected! Code: 12
[2026-07-07 02:18:57.207] [ERR] [RobotCtrl] Safety Error Detected! Code: 12
[2026-07-07 02:18:57.224] [ERR] [RobotCtrl] Safety Error Detected! Code: 12
[2026-07-07 02:18:57.239] [ERR] [RobotCtrl] Safety Error Detected! Code: 12
[2026-07-07 02:18:57.270] [ERR] [RobotCtrl] Safety Error Detected! Code: 12
[2026-07-07 02:18:57.286] [ERR] [RobotCtrl] Safety Error Detected! Code: 12
[2026-07-07 02:18:57.303] [ERR] [RobotCtrl] Safety Error Detected! Code: 12
[2026-07-07 02:18:57.333] [ERR] [RobotCtrl] Safety Error Detected! Code: 12
[2026-07-07 02:18:57.333] [ERR] [RobotCtrl] Safety Error Detected! Code: 12
[2026-07-07 02:18:57.350] [ERR] [RobotCtrl] Safety Error Detected! Code: 12
[2026-07-07 02:18:57.379] [ERR] [RobotCtrl] Safety Error Detected! Code: 12
[2026-07-07 02:18:57.409] [ERR] [RobotCtrl] Safety Error Detected! Code: 12
[2026-07-07 02:18:57.426] [ERR] [RobotCtrl] Safety Error Detected! Code: 12
[2026-07-07 02:18:57.457] [ERR] [RobotCtrl] Safety Error Detected! Code: 12
[2026-07-07 02:18:57.457] [ERR] [RobotCtrl] Safety Error Detected! Code: 12
[2026-07-07 02:18:57.488] [ERR] [RobotCtrl] Safety Error Detected! Code: 12
[2026-07-07 02:18:57.504] [ERR] [RobotCtrl] Safety Error Detected! Code: 12
[2026-07-07 02:18:57.536] [ERR] [RobotCtrl] Safety Error Detected! Code: 12
[2026-07-07 02:18:57.553] [ERR] [RobotCtrl] Safety Error Detected! Code: 12
[2026-07-07 02:18:57.583] [ERR] [RobotCtrl] Safety Error Detected! Code: 12
[2026-07-07 02:18:57.597] [ERR] [RobotCtrl] Safety Error Detected! Code: 12
[2026-07-07 02:18:57.629] [ERR] [RobotCtrl] Safety Error Detected! Code: 12
[2026-07-07 02:18:57.629] [ERR] [RobotCtrl] Safety Error Detected! Code: 12
[2026-07-07 02:18:57.645] [ERR] [RobotCtrl] Safety Error Detected! Code: 12
[2026-07-07 02:18:57.674] [ERR] [RobotCtrl] Safety Error Detected! Code: 12
[2026-07-07 02:18:57.692] [ERR] [RobotCtrl] Safety Error Detected! Code: 12
[2026-07-07 02:18:57.706] [ERR] [RobotCtrl] Safety Error Detected! Code: 12
[2026-07-07 02:18:57.706] [ERR] [RobotCtrl] Safety Error Detected! Code: 12
[2026-07-07 02:18:57.723] [ERR] [RobotCtrl] Safety Error Detected! Code: 12
[2026-07-07 02:18:57.754] [ERR] [RobotCtrl] Safety Error Detected! Code: 12
[2026-07-07 02:18:57.770] [ERR] [RobotCtrl] Safety Error Detected! Code: 12
[2026-07-07 02:18:57.800] [ERR] [RobotCtrl] Safety Error Detected! Code: 12
[2026-07-07 02:18:57.800] [ERR] [RobotCtrl] Safety Error Detected! Code: 12
[2026-07-07 02:18:57.833] [ERR] [RobotCtrl] Safety Error Detected! Code: 12
[2026-07-07 02:18:57.833] [ERR] [RobotCtrl] Safety Error Detected! Code: 12
[2026-07-07 02:18:57.864] [ERR] [RobotCtrl] Safety Error Detected! Code: 12
[2026-07-07 02:18:57.878] [ERR] [RobotCtrl] Safety Error Detected! Code: 12
[2026-07-07 02:18:57.895] [ERR] [RobotCtrl] Safety Error Detected! Code: 12
[2026-07-07 02:18:57.910] [ERR] [RobotCtrl] Safety Error Detected! Code: 12
[2026-07-07 02:18:57.940] [ERR] [RobotCtrl] Safety Error Detected! Code: 12
[2026-07-07 02:18:57.956] [ERR] [RobotCtrl] Safety Error Detected! Code: 12
[2026-07-07 02:18:57.987] [ERR] [RobotCtrl] Safety Error Detected! Code: 12
[2026-07-07 02:18:57.987] [ERR] [RobotCtrl] Safety Error Detected! Code: 12
[2026-07-07 02:18:58.020] [ERR] [RobotCtrl] Safety Error Detected! Code: 12
[2026-07-07 02:18:58.052] [ERR] [RobotCtrl] Safety Error Detected! Code: 12
[2026-07-07 02:18:58.083] [ERR] [RobotCtrl] Safety Error Detected! Code: 12
[2026-07-07 02:18:58.098] [ERR] [RobotCtrl] Safety Error Detected! Code: 12
[2026-07-07 02:18:58.128] [ERR] [RobotCtrl] Safety Error Detected! Code: 12
[2026-07-07 02:18:58.160] [ERR] [RobotCtrl] Safety Error Detected! Code: 12
[2026-07-07 02:18:58.160] [ERR] [RobotCtrl] Safety Error Detected! Code: 12
[2026-07-07 02:18:58.193] [ERR] [RobotCtrl] Safety Error Detected! Code: 12
[2026-07-07 02:18:58.193] [ERR] [RobotCtrl] Safety Error Detected! Code: 12
[2026-07-07 02:18:58.222] [ERR] [RobotCtrl] Safety Error Detected! Code: 12
[2026-07-07 02:18:58.222] [ERR] [RobotCtrl] Safety Error Detected! Code: 12
[2026-07-07 02:18:58.239] [ERR] [RobotCtrl] Safety Error Detected! Code: 12
[2026-07-07 02:18:58.255] [ERR] [RobotCtrl] Safety Error Detected! Code: 12
[2026-07-07 02:18:58.286] [ERR] [RobotCtrl] Safety Error Detected! Code: 12
[2026-07-07 02:18:58.286] [ERR] [RobotCtrl] Safety Error Detected! Code: 12
[2026-07-07 02:18:58.302] [ERR] [RobotCtrl] Safety Error Detected! Code: 12
[2026-07-07 02:18:58.317] [ERR] [RobotCtrl] Safety Error Detected! Code: 12
[2026-07-07 02:18:58.347] [ERR] [RobotCtrl] Safety Error Detected! Code: 12
[2026-07-07 02:18:58.347] [ERR] [RobotCtrl] Safety Error Detected! Code: 12
[2026-07-07 02:18:58.380] [ERR] [RobotCtrl] Safety Error Detected! Code: 12
[2026-07-07 02:18:58.410] [ERR] [RobotCtrl] Safety Error Detected! Code: 12
[2026-07-07 02:18:58.426] [ERR] [RobotCtrl] Safety Error Detected! Code: 12
[2026-07-07 02:18:58.426] [ERR] [RobotCtrl] Safety Error Detected! Code: 12
[2026-07-07 02:18:58.456] [ERR] [RobotCtrl] Safety Error Detected! Code: 12
[2026-07-07 02:18:58.472] [ERR] [RobotCtrl] Safety Error Detected! Code: 12
[2026-07-07 02:18:58.472] [ERR] [RobotCtrl] Safety Error Detected! Code: 12
[2026-07-07 02:18:58.506] [ERR] [RobotCtrl] Safety Error Detected! Code: 12
[2026-07-07 02:18:58.521] [ERR] [RobotCtrl] Safety Error Detected! Code: 12
[2026-07-07 02:18:58.553] [ERR] [RobotCtrl] Safety Error Detected! Code: 12
[2026-07-07 02:18:58.566] [ERR] [RobotCtrl] Safety Error Detected! Code: 12
[2026-07-07 02:18:58.599] [ERR] [RobotCtrl] Safety Error Detected! Code: 12
[2026-07-07 02:18:58.631] [ERR] [RobotCtrl] Safety Error Detected! Code: 12
[2026-07-07 02:18:58.661] [ERR] [RobotCtrl] Safety Error Detected! Code: 12
[2026-07-07 02:18:58.692] [ERR] [RobotCtrl] Safety Error Detected! Code: 12
[2026-07-07 02:18:58.692] [ERR] [RobotCtrl] Safety Error Detected! Code: 12
[2026-07-07 02:18:58.723] [ERR] [RobotCtrl] Safety Error Detected! Code: 12
[2026-07-07 02:18:58.739] [ERR] [RobotCtrl] Safety Error Detected! Code: 12
[2026-07-07 02:18:58.739] [ERR] [RobotCtrl] Safety Error Detected! Code: 12
[2026-07-07 02:18:58.754] [ERR] [RobotCtrl] Safety Error Detected! Code: 12
[2026-07-07 02:18:58.784] [ERR] [RobotCtrl] Safety Error Detected! Code: 12
[2026-07-07 02:18:58.802] [ERR] [RobotCtrl] Safety Error Detected! Code: 12
[2026-07-07 02:18:58.833] [ERR] [RobotCtrl] Safety Error Detected! Code: 12
[2026-07-07 02:18:58.849] [ERR] [RobotCtrl] Safety Error Detected! Code: 12
[2026-07-07 02:18:58.880] [ERR] [RobotCtrl] Safety Error Detected! Code: 12
[2026-07-07 02:18:58.911] [ERR] [RobotCtrl] Safety Error Detected! Code: 12
[2026-07-07 02:18:58.911] [ERR] [RobotCtrl] Safety Error Detected! Code: 12
[2026-07-07 02:18:58.943] [ERR] [RobotCtrl] Safety Error Detected! Code: 12
[2026-07-07 02:18:58.957] [ERR] [RobotCtrl] Safety Error Detected! Code: 12
[2026-07-07 02:18:58.957] [ERR] [RobotCtrl] Safety Error Detected! Code: 12
[2026-07-07 02:18:58.973] [ERR] [RobotCtrl] Safety Error Detected! Code: 12
[2026-07-07 02:18:59.005] [ERR] [RobotCtrl] Safety Error Detected! Code: 12
[2026-07-07 02:18:59.005] [ERR] [RobotCtrl] Safety Error Detected! Code: 12
[2026-07-07 02:18:59.036] [ERR] [RobotCtrl] Safety Error Detected! Code: 12
[2026-07-07 02:18:59.065] [ERR] [RobotCtrl] Safety Error Detected! Code: 12
[2026-07-07 02:18:59.065] [ERR] [RobotCtrl] Safety Error Detected! Code: 12
[2026-07-07 02:18:59.097] [ERR] [RobotCtrl] Safety Error Detected! Code: 12
[2026-07-07 02:18:59.097] [ERR] [RobotCtrl] Safety Error Detected! Code: 12
[2026-07-07 02:18:59.128] [ERR] [RobotCtrl] Safety Error Detected! Code: 12
[2026-07-07 02:18:59.128] [ERR] [RobotCtrl] Safety Error Detected! Code: 12
[2026-07-07 02:18:59.161] [ERR] [RobotCtrl] Safety Error Detected! Code: 12
[2026-07-07 02:18:59.161] [ERR] [RobotCtrl] Safety Error Detected! Code: 12
[2026-07-07 02:18:59.191] [ERR] [RobotCtrl] Safety Error Detected! Code: 12
[2026-07-07 02:18:59.208] [ERR] [RobotCtrl] Safety Error Detected! Code: 12
[2026-07-07 02:18:59.239] [ERR] [RobotCtrl] Safety Error Detected! Code: 12
[2026-07-07 02:18:59.270] [ERR] [RobotCtrl] Safety Error Detected! Code: 12
[2026-07-07 02:18:59.303] [ERR] [RobotCtrl] Safety Error Detected! Code: 12
[2026-07-07 02:18:59.303] [ERR] [RobotCtrl] Safety Error Detected! Code: 12
[2026-07-07 02:18:59.317] [ERR] [RobotCtrl] Safety Error Detected! Code: 12
[2026-07-07 02:18:59.347] [ERR] [RobotCtrl] Safety Error Detected! Code: 12
[2026-07-07 02:18:59.365] [ERR] [RobotCtrl] Safety Error Detected! Code: 12
[2026-07-07 02:18:59.379] [ERR] [RobotCtrl] Safety Error Detected! Code: 12
[2026-07-07 02:18:59.379] [ERR] [RobotCtrl] Safety Error Detected! Code: 12
[2026-07-07 02:18:59.411] [ERR] [RobotCtrl] Safety Error Detected! Code: 12
[2026-07-07 02:18:59.441] [ERR] [RobotCtrl] Safety Error Detected! Code: 12
[2026-07-07 02:18:59.441] [ERR] [RobotCtrl] Safety Error Detected! Code: 12
[2026-07-07 02:18:59.473] [ERR] [RobotCtrl] Safety Error Detected! Code: 12
[2026-07-07 02:18:59.473] [ERR] [RobotCtrl] Safety Error Detected! Code: 12
[2026-07-07 02:18:59.489] [ERR] [RobotCtrl] Safety Error Detected! Code: 12
[2026-07-07 02:18:59.519] [ERR] [RobotCtrl] Safety Error Detected! Code: 12
[2026-07-07 02:18:59.535] [ERR] [RobotCtrl] Safety Error Detected! Code: 12
[2026-07-07 02:18:59.551] [ERR] [RobotCtrl] Safety Error Detected! Code: 12
[2026-07-07 02:18:59.568] [ERR] [RobotCtrl] Safety Error Detected! Code: 12
[2026-07-07 02:18:59.598] [ERR] [RobotCtrl] Safety Error Detected! Code: 12
[2026-07-07 02:18:59.628] [ERR] [RobotCtrl] Safety Error Detected! Code: 12
[2026-07-07 02:18:59.645] [ERR] [RobotCtrl] Safety Error Detected! Code: 12
[2026-07-07 02:18:59.645] [ERR] [RobotCtrl] Safety Error Detected! Code: 12
[2026-07-07 02:18:59.676] [ERR] [RobotCtrl] Safety Error Detected! Code: 12
[2026-07-07 02:18:59.676] [ERR] [RobotCtrl] Safety Error Detected! Code: 12
[2026-07-07 02:18:59.708] [ERR] [RobotCtrl] Safety Error Detected! Code: 12
[2026-07-07 02:18:59.724] [ERR] [RobotCtrl] Safety Error Detected! Code: 12
[2026-07-07 02:18:59.754] [ERR] [RobotCtrl] Safety Error Detected! Code: 12
[2026-07-07 02:18:59.770] [ERR] [RobotCtrl] Safety Error Detected! Code: 12
[2026-07-07 02:18:59.803] [ERR] [RobotCtrl] Safety Error Detected! Code: 12
[2026-07-07 02:18:59.817] [ERR] [RobotCtrl] Safety Error Detected! Code: 12
[2026-07-07 02:18:59.848] [ERR] [RobotCtrl] Safety Error Detected! Code: 12
[2026-07-07 02:18:59.880] [ERR] [RobotCtrl] Safety Error Detected! Code: 12
[2026-07-07 02:18:59.911] [ERR] [RobotCtrl] Safety Error Detected! Code: 12
[2026-07-07 02:18:59.926] [ERR] [RobotCtrl] Safety Error Detected! Code: 12
[2026-07-07 02:18:59.958] [ERR] [RobotCtrl] Safety Error Detected! Code: 12
[2026-07-07 02:18:59.987] [ERR] [RobotCtrl] Safety Error Detected! Code: 12
[2026-07-07 02:19:00.021] [ERR] [RobotCtrl] Safety Error Detected! Code: 12
[2026-07-07 02:19:00.021] [ERR] [RobotCtrl] Safety Error Detected! Code: 12
[2026-07-07 02:19:00.053] [ERR] [RobotCtrl] Safety Error Detected! Code: 12
[2026-07-07 02:19:00.067] [ERR] [RobotCtrl] Safety Error Detected! Code: 12
[2026-07-07 02:19:00.083] [ERR] [RobotCtrl] Safety Error Detected! Code: 12
[2026-07-07 02:19:00.097] [ERR] [RobotCtrl] Safety Error Detected! Code: 12
[2026-07-07 02:19:00.114] [ERR] [RobotCtrl] Safety Error Detected! Code: 12
[2026-07-07 02:19:00.143] [ERR] [RobotCtrl] Safety Error Detected! Code: 12
[2026-07-07 02:19:00.143] [ERR] [RobotCtrl] Safety Error Detected! Code: 12
[2026-07-07 02:19:00.174] [ERR] [RobotCtrl] Safety Error Detected! Code: 12
[2026-07-07 02:19:00.174] [ERR] [RobotCtrl] Safety Error Detected! Code: 12
[2026-07-07 02:19:00.192] [ERR] [RobotCtrl] Safety Error Detected! Code: 12
[2026-07-07 02:19:00.223] [ERR] [RobotCtrl] Safety Error Detected! Code: 12
[2026-07-07 02:19:00.240] [ERR] [RobotCtrl] Safety Error Detected! Code: 12
[2026-07-07 02:19:00.255] [ERR] [RobotCtrl] Safety Error Detected! Code: 12
[2026-07-07 02:19:00.284] [ERR] [RobotCtrl] Safety Error Detected! Code: 12
[2026-07-07 02:19:00.300] [ERR] [RobotCtrl] Safety Error Detected! Code: 12
[2026-07-07 02:19:00.317] [ERR] [RobotCtrl] Safety Error Detected! Code: 12
[2026-07-07 02:19:00.317] [ERR] [RobotCtrl] Safety Error Detected! Code: 12
[2026-07-07 02:19:00.348] [ERR] [RobotCtrl] Safety Error Detected! Code: 12
[2026-07-07 02:19:00.364] [ERR] [RobotCtrl] Safety Error Detected! Code: 12
[2026-07-07 02:19:00.394] [ERR] [RobotCtrl] Safety Error Detected! Code: 12
[2026-07-07 02:19:00.411] [ERR] [RobotCtrl] Safety Error Detected! Code: 12
[2026-07-07 02:19:00.442] [ERR] [RobotCtrl] Safety Error Detected! Code: 12
[2026-07-07 02:19:00.442] [ERR] [RobotCtrl] Safety Error Detected! Code: 12
[2026-07-07 02:19:00.458] [ERR] [RobotCtrl] Safety Error Detected! Code: 12
[2026-07-07 02:19:00.488] [ERR] [RobotCtrl] Safety Error Detected! Code: 12
[2026-07-07 02:19:00.504] [ERR] [RobotCtrl] Safety Error Detected! Code: 12
[2026-07-07 02:19:00.536] [ERR] [RobotCtrl] Safety Error Detected! Code: 12
[2026-07-07 02:19:00.549] [ERR] [RobotCtrl] Safety Error Detected! Code: 12
[2026-07-07 02:19:00.566] [ERR] [RobotCtrl] Safety Error Detected! Code: 12
[2026-07-07 02:19:00.597] [ERR] [RobotCtrl] Safety Error Detected! Code: 12
[2026-07-07 02:19:00.614] [ERR] [RobotCtrl] Safety Error Detected! Code: 12
[2026-07-07 02:19:00.645] [ERR] [RobotCtrl] Safety Error Detected! Code: 12
[2026-07-07 02:19:00.676] [ERR] [RobotCtrl] Safety Error Detected! Code: 12
[2026-07-07 02:19:00.708] [ERR] [RobotCtrl] Safety Error Detected! Code: 12
[2026-07-07 02:19:00.723] [ERR] [RobotCtrl] Safety Error Detected! Code: 12
[2026-07-07 02:19:00.723] [INF] [RobotCtrl] Clear Error Request.
[2026-07-07 02:19:00.723] [INF] [MotionManager] Reset requested.
[2026-07-07 02:19:00.738] [INF] [MotionManager] RT Loop reset complete.
[2026-07-07 02:19:00.754] [INF] [HardwareManager] Forwarding clear-drive-errors request. axis_id=-1
[2026-07-07 02:19:08.362] [DBG] [RobotCtrl] Jog cmd: frame=1, axis=1, inc=-10, toolId=0, baseId=0
[2026-07-07 02:19:08.362] [DBG] [RobotCtrl] Jog commit: TCP world(mm,deg)=(-591.3999999999975, 98.43535585595458, 781.2238565581713, 28.24665593085431, -10.550524365718411, 108.82003625770757), IK step=1.18 deg
[2026-07-07 02:19:08.362] [INF] [MotionManager] Reset requested.
[2026-07-07 02:19:08.377] [INF] [MotionManager] RT Loop reset complete.
[2026-07-07 02:19:08.394] [INF] [Interpolator] Created MotionSegment of type 1 with 29 points. Duration: 0.115 s
[2026-07-07 02:19:10.206] [DBG] [RobotCtrl] Jog cmd: frame=1, axis=1, inc=-10, toolId=0, baseId=0
[2026-07-07 02:19:10.206] [DBG] [RobotCtrl] Jog commit: TCP world(mm,deg)=(-591.3999999999975, 88.43535585595458, 781.2238565581713, 28.24665593085431, -10.550524365718415, 108.82003625770757), IK step=1.21 deg
[2026-07-07 02:19:10.206] [INF] [MotionManager] Reset requested.
[2026-07-07 02:19:10.223] [INF] [MotionManager] RT Loop reset complete.
[2026-07-07 02:19:10.238] [INF] [Interpolator] Created MotionSegment of type 1 with 29 points. Duration: 0.116 s
[2026-07-07 02:19:11.161] [DBG] [RobotCtrl] Jog cmd: frame=1, axis=1, inc=-10, toolId=0, baseId=0
[2026-07-07 02:19:11.161] [DBG] [RobotCtrl] Jog commit: TCP world(mm,deg)=(-591.3999999999975, 78.43535585595458, 781.2238565581713, 28.24665593085431, -10.550524365718418, 108.82003625770757), IK step=1.22 deg
[2026-07-07 02:19:11.161] [INF] [MotionManager] Reset requested.
[2026-07-07 02:19:11.174] [INF] [MotionManager] RT Loop reset complete.
[2026-07-07 02:19:11.190] [INF] [Interpolator] Created MotionSegment of type 1 with 30 points. Duration: 0.116 s
[2026-07-07 02:19:13.723] [DBG] [RobotCtrl] Jog cmd: frame=1, axis=1, inc=-10, toolId=0, baseId=0
[2026-07-07 02:19:13.723] [DBG] [RobotCtrl] Jog commit: TCP world(mm,deg)=(-591.3999999999975, 68.43535585595458, 781.2238565581713, 28.24665593085431, -10.550524365718422, 108.82003625770757), IK step=1.23 deg
[2026-07-07 02:19:13.723] [INF] [MotionManager] Reset requested.
[2026-07-07 02:19:13.740] [INF] [MotionManager] RT Loop reset complete.
[2026-07-07 02:19:13.752] [INF] [Interpolator] Created MotionSegment of type 1 with 30 points. Duration: 0.117 s
[2026-07-07 02:19:14.629] [DBG] [RobotCtrl] Jog cmd: frame=1, axis=1, inc=-10, toolId=0, baseId=0
[2026-07-07 02:19:14.629] [DBG] [RobotCtrl] Jog commit: TCP world(mm,deg)=(-591.3999999999975, 58.43535585595458, 781.2238565581713, 28.24665593085431, -10.550524365718426, 108.82003625770757), IK step=1.23 deg
[2026-07-07 02:19:14.629] [INF] [MotionManager] Reset requested.
[2026-07-07 02:19:14.646] [INF] [MotionManager] RT Loop reset complete.
[2026-07-07 02:19:14.659] [INF] [Interpolator] Created MotionSegment of type 1 with 30 points. Duration: 0.117 s
[2026-07-07 02:19:15.771] [DBG] [RobotCtrl] Jog cmd: frame=1, axis=1, inc=10, toolId=0, baseId=0
[2026-07-07 02:19:15.771] [DBG] [RobotCtrl] Jog commit: TCP world(mm,deg)=(-591.3999999999975, 68.43535585595458, 781.2238565581713, 28.246655930854317, -10.550524365718429, 108.82003625770757), IK step=1.23 deg
[2026-07-07 02:19:15.771] [INF] [MotionManager] Reset requested.
[2026-07-07 02:19:15.786] [INF] [MotionManager] RT Loop reset complete.
[2026-07-07 02:19:15.800] [INF] [Interpolator] Created MotionSegment of type 1 with 30 points. Duration: 0.117 s
[2026-07-07 02:19:16.442] [DBG] [RobotCtrl] Jog cmd: frame=1, axis=1, inc=10, toolId=0, baseId=0
[2026-07-07 02:19:16.442] [DBG] [RobotCtrl] Jog commit: TCP world(mm,deg)=(-591.3999999999975, 78.43535585595458, 781.2238565581713, 28.246655930854317, -10.550524365718433, 108.82003625770757), IK step=1.23 deg
[2026-07-07 02:19:16.442] [INF] [MotionManager] Reset requested.
[2026-07-07 02:19:16.457] [INF] [MotionManager] RT Loop reset complete.
[2026-07-07 02:19:16.472] [INF] [Interpolator] Created MotionSegment of type 1 with 30 points. Duration: 0.117 s
[2026-07-07 02:19:17.115] [DBG] [RobotCtrl] Jog cmd: frame=1, axis=1, inc=10, toolId=0, baseId=0
[2026-07-07 02:19:17.115] [DBG] [RobotCtrl] Jog commit: TCP world(mm,deg)=(-591.3999999999975, 88.43535585595458, 781.2238565581713, 28.246655930854317, -10.550524365718433, 108.82003625770757), IK step=1.22 deg
[2026-07-07 02:19:17.115] [INF] [MotionManager] Reset requested.
[2026-07-07 02:19:17.127] [INF] [MotionManager] RT Loop reset complete.
[2026-07-07 02:19:17.145] [INF] [Interpolator] Created MotionSegment of type 1 with 30 points. Duration: 0.116 s
[2026-07-07 02:19:17.786] [DBG] [RobotCtrl] Jog cmd: frame=1, axis=1, inc=10, toolId=0, baseId=0
[2026-07-07 02:19:17.786] [DBG] [RobotCtrl] Jog commit: TCP world(mm,deg)=(-591.3999999999975, 98.43535585595458, 781.2238565581713, 28.246655930854317, -10.550524365718433, 108.82003625770757), IK step=1.21 deg
[2026-07-07 02:19:17.786] [INF] [MotionManager] Reset requested.
[2026-07-07 02:19:17.801] [INF] [MotionManager] RT Loop reset complete.
[2026-07-07 02:19:17.815] [INF] [Interpolator] Created MotionSegment of type 1 with 29 points. Duration: 0.116 s
[2026-07-07 02:19:18.474] [DBG] [RobotCtrl] Jog cmd: frame=1, axis=1, inc=10, toolId=0, baseId=0
[2026-07-07 02:19:18.474] [DBG] [RobotCtrl] Jog commit: TCP world(mm,deg)=(-591.3999999999975, 108.43535585595458, 781.2238565581713, 28.246655930854317, -10.550524365718433, 108.82003625770757), IK step=1.19 deg
[2026-07-07 02:19:18.474] [INF] [MotionManager] Reset requested.
[2026-07-07 02:19:18.490] [INF] [MotionManager] RT Loop reset complete.
[2026-07-07 02:19:18.503] [INF] [Interpolator] Created MotionSegment of type 1 with 29 points. Duration: 0.115 s
[2026-07-07 02:19:19.224] [DBG] [RobotCtrl] Jog cmd: frame=1, axis=1, inc=10, toolId=0, baseId=0
[2026-07-07 02:19:19.224] [DBG] [RobotCtrl] Jog commit: TCP world(mm,deg)=(-591.3999999999975, 118.43535585595458, 781.2238565581713, 28.246655930854317, -10.550524365718433, 108.82003625770757), IK step=1.18 deg
[2026-07-07 02:19:19.224] [INF] [MotionManager] Reset requested.
[2026-07-07 02:19:19.240] [INF] [MotionManager] RT Loop reset complete.
[2026-07-07 02:19:19.253] [INF] [Interpolator] Created MotionSegment of type 1 with 29 points. Duration: 0.115 s
[2026-07-07 02:19:19.909] [DBG] [RobotCtrl] Jog cmd: frame=1, axis=1, inc=10, toolId=0, baseId=0
[2026-07-07 02:19:19.909] [DBG] [RobotCtrl] Jog commit: TCP world(mm,deg)=(-591.3999999999975, 128.43535585595458, 781.2238565581713, 28.246655930854317, -10.550524365718433, 108.82003625770757), IK step=1.17 deg
[2026-07-07 02:19:19.909] [INF] [MotionManager] Reset requested.
[2026-07-07 02:19:19.912] [INF] [MotionManager] RT Loop reset complete.
[2026-07-07 02:19:19.924] [INF] [Interpolator] Created MotionSegment of type 1 with 29 points. Duration: 0.114 s
[2026-07-07 02:19:24.847] [DBG] [RobotCtrl] Jog cmd: frame=1, axis=1, inc=10, toolId=0, baseId=0
[2026-07-07 02:19:24.847] [DBG] [RobotCtrl] Jog commit: TCP world(mm,deg)=(-591.3999999999975, 138.43535585595458, 781.2238565581713, 28.246655930854317, -10.550524365718433, 108.82003625770757), IK step=1.16 deg
[2026-07-07 02:19:24.847] [INF] [MotionManager] Reset requested.
[2026-07-07 02:19:24.848] [INF] [MotionManager] RT Loop reset complete.
[2026-07-07 02:19:24.863] [INF] [Interpolator] Created MotionSegment of type 1 with 29 points. Duration: 0.113 s
[2026-07-07 02:19:25.863] [DBG] [RobotCtrl] Jog cmd: frame=1, axis=1, inc=10, toolId=0, baseId=0
[2026-07-07 02:19:25.864] [DBG] [RobotCtrl] Jog commit: TCP world(mm,deg)=(-591.3999999999975, 148.43535585595458, 781.2238565581713, 28.246655930854317, -10.550524365718433, 108.82003625770757), IK step=1.14 deg
[2026-07-07 02:19:25.864] [INF] [MotionManager] Reset requested.
[2026-07-07 02:19:25.865] [INF] [MotionManager] RT Loop reset complete.
[2026-07-07 02:19:25.879] [INF] [Interpolator] Created MotionSegment of type 1 with 29 points. Duration: 0.113 s[2026-07-07 02:24:16.947] [INF] [HexaStudioDesktop] --- Application Starting --- Version: 0.1.5
[2026-07-07 02:24:16.947] [DBG] [RobotState] RobotState instance created with default state.
[2026-07-07 02:24:16.947] [INF] [HexaCore] Using config file: D:\2.Github\HexaKinetica\HexaMotion\configs\hexacore_config.json
[2026-07-07 02:24:16.947] [INF] [Persistence] Configuration loaded successfully from 'D:\2.Github\HexaKinetica\HexaMotion\configs\hexacore_config.json' (format v1).
[2026-07-07 02:24:16.947] [INF] [RobotState] Applied persisted configuration to RobotState. New config version is 2.
[2026-07-07 02:24:16.948] [INF] [HexaCore] Using runtime config file: D:\2.Github\HexaKinetica\HexaMotion\configs\hexacore_runtime_config.json
[2026-07-07 02:24:16.961] [INF] [KinematicModel] KinematicModel created successfully from URDF (base_link -> flange), 6 DoF.
[2026-07-07 02:24:16.961] [WRN] [KinematicModel] URDF loaded, but not all joint limits were available.
[2026-07-07 02:24:16.961] [INF] [HexaCore] Kinematic model loaded from URDF: D:/2.Github/HexaKinetica/HexaMotion-SDK/robots/HexaArmMedium_Light_GLB/urdf/HexaArmMedium_Light.SLDASM.urdf
[2026-07-07 02:24:16.961] [WRN] [HexaCore] URDF loaded but limits were not fully available. Using state/default limits.
[2026-07-07 02:24:16.961] [INF] [KdlSolver] KDL Solvers initialized successfully.
[2026-07-07 02:24:16.961] [INF] [HexaCore] Realtime backend: INTERNAL SIMULATION (SimDriver). Set 'realtime_interface' to "udp" or "mks_tcp" in the runtime config to use a real backend.
[2026-07-07 02:24:16.961] [INF] [HexaCore] RDT listen: in-process loopback:30002
[2026-07-07 02:24:16.961] [INF] [HexaCore] Programs directory: D:\2.Github\HexaKinetica\HexaMotion\programs
[2026-07-07 02:24:16.961] [INF] [HexaCore] Resolved URDF path: D:/2.Github/HexaKinetica/HexaMotion-SDK/robots/HexaArmMedium_Light_GLB/urdf/HexaArmMedium_Light.SLDASM.urdf
[2026-07-07 02:24:16.961] [INF] [HexaCore] Startup mode: INTERNAL SIMULATION
[2026-07-07 02:24:16.961] [INF] [MotionManager] MotionManager created. Cycle: 4ms, Following Error Threshold: 5.00 deg.
[2026-07-07 02:24:16.961] [INF] [RobotCtrl] Initializing RobotController...
[2026-07-07 02:24:16.961] [INF] [HardwareManager] Initializing Realtime driver (background)...
[2026-07-07 02:24:16.961] [INF] [HardwareManager] Real driver re-initialized successfully.
[2026-07-07 02:24:16.961] [INF] [HardwareManager] Real driver ready. Initial position acquired.
[2026-07-07 02:24:16.961] [INF] [HardwareManager] Started in Simulation mode.
[2026-07-07 02:24:16.961] [INF] [MotionManager] Starting RT Loop...
[2026-07-07 02:24:16.962] [INF] [RobotCtrl] RobotController initialized successfully.
[2026-07-07 02:24:16.962] [INF] [LoopbackNetwork] Loopback server listening (in-process, port tag 30002).
[2026-07-07 02:24:16.962] [INF] [HexaCore] Controller stack assembled. Listening on port 30002 for HMI connections.
[2026-07-07 02:24:16.962] [INF] [HexaCore] Controller NRT loop started (internal thread).
[2026-07-07 02:24:16.962] [DBG] [ClientState] ClientState instance created.
[2026-07-07 02:24:16.962] [INF] [MotionManager] RT thread started.
[2026-07-07 02:24:17.599] [DBG] [ClientState] Jog context updated: Frame=0, Tool=0, Base=0
[2026-07-07 02:24:17.599] [DBG] [ClientState] Jog context updated: Frame=0, Tool=0, Base=0
[2026-07-07 02:24:17.602] [INF] [ClientState] Sync state reset (ACK versions set to 0) to force full resync
[2026-07-07 02:24:17.603] [INF] [LoopbackNetwork] Loopback client connected (handle 1).
[2026-07-07 02:24:17.603] [INF] [RdtServer] Client connected: 1 (loopback)
[2026-07-07 02:24:17.603] [INF] [ClientState] Sync state reset (ACK versions set to 0) to force full resync
[2026-07-07 02:24:17.603] [INF] [RdtClient] Connected to RDT Server.
[2026-07-07 02:24:17.613] [INF] [ClientState] Initial sync complete. Adopted server mode: SIM
[2026-07-07 02:24:17.613] [INF] [ClientState] Synced to new config version 3
[2026-07-07 02:24:17.613] [INF] [ClientState] Synced to new program version 1
[2026-07-07 02:24:17.613] [INF] [ClientState] Synced to new trajectory version 1
[2026-07-07 02:24:17.940] [DBG] [ClientState] Jog context updated: Frame=0, Tool=0, Base=0
[2026-07-07 02:24:17.940] [DBG] [ClientState] Jog context updated: Frame=0, Tool=0, Base=0
[2026-07-07 02:24:17.957] [INF] [KinematicModel] KinematicModel created successfully from URDF (base_link -> flange), 6 DoF.
[2026-07-07 02:24:17.958] [WRN] [KinematicModel] URDF loaded, but not all joint limits were available.
[2026-07-07 02:24:52.615] [INF] [HardwareManager] Mode set to REAL.
[2026-07-07 02:24:52.615] [INF] [RobotState] Simulation mode updated: REAL
[2026-07-07 02:24:52.615] [INF] [RobotCtrl] Mode switched to REAL
[2026-07-07 02:24:52.615] [INF] [MotionManager] Reset requested.
[2026-07-07 02:24:52.628] [INF] [MotionManager] RT Loop reset complete.
[2026-07-07 02:24:52.643] [INF] [RobotCtrl] State synchronized after mode switch.
[2026-07-07 02:25:00.758] [INF] [ClientState] Queued Program update with ReqID 1
[2026-07-07 02:25:00.769] [INF] [RobotCtrl] New program version received. Generating trajectory preview...
[2026-07-07 02:25:00.769] [INF] [Interpolator] Created MotionSegment of type 1 with 1 points. Duration: 0.000 s
[2026-07-07 02:25:00.815] [INF] [ClientState] Synced to new program version 2
[2026-07-07 02:25:00.815] [INF] [ClientState] Synced to new trajectory version 2
[2026-07-07 02:25:00.815] [INF] [ClientState] Cleared Program buffer after confirmation ID 1
[2026-07-07 02:25:03.922] [INF] [ClientState] Queued Program update with ReqID 2
[2026-07-07 02:25:03.927] [INF] [RobotCtrl] New program version received. Generating trajectory preview...
[2026-07-07 02:25:03.927] [INF] [Interpolator] Created MotionSegment of type 1 with 1 points. Duration: 0.000 s
[2026-07-07 02:25:03.989] [INF] [ClientState] Synced to new program version 3
[2026-07-07 02:25:03.989] [INF] [ClientState] Synced to new trajectory version 3
[2026-07-07 02:25:03.989] [INF] [ClientState] Cleared Program buffer after confirmation ID 2
[2026-07-07 02:25:20.052] [DBG] [RobotCtrl] Jog cmd: frame=0, axis=4, inc=10, toolId=0, baseId=0
[2026-07-07 02:25:20.052] [INF] [MotionManager] Reset requested.
[2026-07-07 02:25:20.066] [INF] [MotionManager] RT Loop reset complete.
[2026-07-07 02:25:20.081] [INF] [Interpolator] Created MotionSegment of type 1 with 84 points. Duration: 0.333 s
[2026-07-07 02:25:20.081] [INF] [RobotCtrl] Jog planned successfully to axis 4: 10
[2026-07-07 02:25:20.083] [CRT] [MotionManager] Following Error on Axis 5! Error: 10.00 deg, Limit: 5.00 deg. Entering ERROR state.
[2026-07-07 02:25:20.098] [ERR] [RobotCtrl] Safety Error Detected! Code: 12
[2026-07-07 02:25:20.113] [ERR] [RobotCtrl] Safety Error Detected! Code: 12
[2026-07-07 02:25:20.131] [ERR] [RobotCtrl] Safety Error Detected! Code: 12
[2026-07-07 02:25:20.145] [ERR] [RobotCtrl] Safety Error Detected! Code: 12
[2026-07-07 02:25:20.159] [ERR] [RobotCtrl] Safety Error Detected! Code: 12
[2026-07-07 02:25:20.190] [ERR] [RobotCtrl] Safety Error Detected! Code: 12
[2026-07-07 02:25:20.206] [ERR] [RobotCtrl] Safety Error Detected! Code: 12
[2026-07-07 02:25:20.206] [ERR] [RobotCtrl] Safety Error Detected! Code: 12
[2026-07-07 02:25:20.239] [ERR] [RobotCtrl] Safety Error Detected! Code: 12
[2026-07-07 02:25:20.268] [ERR] [RobotCtrl] Safety Error Detected! Code: 12
[2026-07-07 02:25:20.286] [ERR] [RobotCtrl] Safety Error Detected! Code: 12
[2026-07-07 02:25:20.286] [ERR] [RobotCtrl] Safety Error Detected! Code: 12
[2026-07-07 02:25:20.317] [ERR] [RobotCtrl] Safety Error Detected! Code: 12
[2026-07-07 02:25:20.349] [ERR] [RobotCtrl] Safety Error Detected! Code: 12
[2026-07-07 02:25:20.380] [ERR] [RobotCtrl] Safety Error Detected! Code: 12
[2026-07-07 02:25:20.409] [ERR] [RobotCtrl] Safety Error Detected! Code: 12
[2026-07-07 02:25:20.409] [ERR] [RobotCtrl] Safety Error Detected! Code: 12
[2026-07-07 02:25:20.425] [ERR] [RobotCtrl] Safety Error Detected! Code: 12
[2026-07-07 02:25:20.457] [ERR] [RobotCtrl] Safety Error Detected! Code: 12
[2026-07-07 02:25:20.474] [ERR] [RobotCtrl] Safety Error Detected! Code: 12
[2026-07-07 02:25:20.489] [ERR] [RobotCtrl] Safety Error Detected! Code: 12
[2026-07-07 02:25:20.521] [ERR] [RobotCtrl] Safety Error Detected! Code: 12
[2026-07-07 02:25:20.551] [ERR] [RobotCtrl] Safety Error Detected! Code: 12
[2026-07-07 02:25:20.583] [ERR] [RobotCtrl] Safety Error Detected! Code: 12
[2026-07-07 02:25:20.599] [ERR] [RobotCtrl] Safety Error Detected! Code: 12
[2026-07-07 02:25:20.629] [ERR] [RobotCtrl] Safety Error Detected! Code: 12
[2026-07-07 02:25:20.661] [ERR] [RobotCtrl] Safety Error Detected! Code: 12
[2026-07-07 02:25:20.691] [ERR] [RobotCtrl] Safety Error Detected! Code: 12
[2026-07-07 02:25:20.691] [ERR] [RobotCtrl] Safety Error Detected! Code: 12
[2026-07-07 02:25:20.708] [ERR] [RobotCtrl] Safety Error Detected! Code: 12
[2026-07-07 02:25:20.738] [ERR] [RobotCtrl] Safety Error Detected! Code: 12
[2026-07-07 02:25:20.768] [ERR] [RobotCtrl] Safety Error Detected! Code: 12
[2026-07-07 02:25:20.768] [ERR] [RobotCtrl] Safety Error Detected! Code: 12
[2026-07-07 02:25:20.786] [ERR] [RobotCtrl] Safety Error Detected! Code: 12
[2026-07-07 02:25:20.802] [ERR] [RobotCtrl] Safety Error Detected! Code: 12
[2026-07-07 02:25:20.833] [ERR] [RobotCtrl] Safety Error Detected! Code: 12
[2026-07-07 02:25:20.863] [ERR] [RobotCtrl] Safety Error Detected! Code: 12
[2026-07-07 02:25:20.893] [ERR] [RobotCtrl] Safety Error Detected! Code: 12
[2026-07-07 02:25:20.893] [ERR] [RobotCtrl] Safety Error Detected! Code: 12
[2026-07-07 02:25:20.909] [ERR] [RobotCtrl] Safety Error Detected! Code: 12
[2026-07-07 02:25:20.942] [ERR] [RobotCtrl] Safety Error Detected! Code: 12
[2026-07-07 02:25:20.957] [ERR] [RobotCtrl] Safety Error Detected! Code: 12
[2026-07-07 02:25:20.974] [ERR] [RobotCtrl] Safety Error Detected! Code: 12
[2026-07-07 02:25:21.006] [ERR] [RobotCtrl] Safety Error Detected! Code: 12
[2026-07-07 02:25:21.019] [ERR] [RobotCtrl] Safety Error Detected! Code: 12
[2026-07-07 02:25:21.037] [ERR] [RobotCtrl] Safety Error Detected! Code: 12
[2026-07-07 02:25:21.065] [ERR] [RobotCtrl] Safety Error Detected! Code: 12
[2026-07-07 02:25:21.065] [ERR] [RobotCtrl] Safety Error Detected! Code: 12
[2026-07-07 02:25:21.065] [ERR] [RobotCtrl] Safety Error Detected! Code: 12
[2026-07-07 02:25:21.082] [ERR] [RobotCtrl] Safety Error Detected! Code: 12
[2026-07-07 02:25:21.113] [ERR] [RobotCtrl] Safety Error Detected! Code: 12
[2026-07-07 02:25:21.128] [ERR] [RobotCtrl] Safety Error Detected! Code: 12
[2026-07-07 02:25:21.145] [ERR] [RobotCtrl] Safety Error Detected! Code: 12
[2026-07-07 02:25:21.176] [ERR] [RobotCtrl] Safety Error Detected! Code: 12
[2026-07-07 02:25:21.208] [ERR] [RobotCtrl] Safety Error Detected! Code: 12
[2026-07-07 02:25:21.208] [ERR] [RobotCtrl] Safety Error Detected! Code: 12
[2026-07-07 02:25:21.239] [ERR] [RobotCtrl] Safety Error Detected! Code: 12
[2026-07-07 02:25:21.239] [ERR] [RobotCtrl] Safety Error Detected! Code: 12
[2026-07-07 02:25:21.268] [ERR] [RobotCtrl] Safety Error Detected! Code: 12
[2026-07-07 02:25:21.268] [ERR] [RobotCtrl] Safety Error Detected! Code: 12
[2026-07-07 02:25:21.286] [ERR] [RobotCtrl] Safety Error Detected! Code: 12
[2026-07-07 02:25:21.302] [ERR] [RobotCtrl] Safety Error Detected! Code: 12
[2026-07-07 02:25:21.333] [ERR] [RobotCtrl] Safety Error Detected! Code: 12
[2026-07-07 02:25:21.349] [ERR] [RobotCtrl] Safety Error Detected! Code: 12
[2026-07-07 02:25:21.379] [ERR] [RobotCtrl] Safety Error Detected! Code: 12
[2026-07-07 02:25:21.410] [ERR] [RobotCtrl] Safety Error Detected! Code: 12
[2026-07-07 02:25:21.424] [ERR] [RobotCtrl] Safety Error Detected! Code: 12
[2026-07-07 02:25:21.424] [ERR] [RobotCtrl] Safety Error Detected! Code: 12
[2026-07-07 02:25:21.441] [ERR] [RobotCtrl] Safety Error Detected! Code: 12
[2026-07-07 02:25:21.457] [ERR] [RobotCtrl] Safety Error Detected! Code: 12
[2026-07-07 02:25:21.472] [ERR] [RobotCtrl] Safety Error Detected! Code: 12
[2026-07-07 02:25:21.505] [ERR] [RobotCtrl] Safety Error Detected! Code: 12
[2026-07-07 02:25:21.536] [ERR] [RobotCtrl] Safety Error Detected! Code: 12
[2026-07-07 02:25:21.536] [ERR] [RobotCtrl] Safety Error Detected! Code: 12
[2026-07-07 02:25:21.551] [ERR] [RobotCtrl] Safety Error Detected! Code: 12
[2026-07-07 02:25:21.582] [ERR] [RobotCtrl] Safety Error Detected! Code: 12
[2026-07-07 02:25:21.582] [ERR] [RobotCtrl] Safety Error Detected! Code: 12
[2026-07-07 02:25:21.615] [ERR] [RobotCtrl] Safety Error Detected! Code: 12
[2026-07-07 02:25:21.630] [ERR] [RobotCtrl] Safety Error Detected! Code: 12
[2026-07-07 02:25:21.661] [ERR] [RobotCtrl] Safety Error Detected! Code: 12
[2026-07-07 02:25:21.674] [ERR] [RobotCtrl] Safety Error Detected! Code: 12
[2026-07-07 02:25:21.707] [ERR] [RobotCtrl] Safety Error Detected! Code: 12
[2026-07-07 02:25:21.707] [ERR] [RobotCtrl] Safety Error Detected! Code: 12
[2026-07-07 02:25:21.738] [ERR] [RobotCtrl] Safety Error Detected! Code: 12
[2026-07-07 02:25:21.768] [ERR] [RobotCtrl] Safety Error Detected! Code: 12
[2026-07-07 02:25:21.783] [ERR] [RobotCtrl] Safety Error Detected! Code: 12
[2026-07-07 02:25:21.784] [ERR] [RobotCtrl] Safety Error Detected! Code: 12
[2026-07-07 02:25:21.800] [ERR] [RobotCtrl] Safety Error Detected! Code: 12
[2026-07-07 02:25:21.831] [ERR] [RobotCtrl] Safety Error Detected! Code: 12
[2026-07-07 02:25:21.831] [ERR] [RobotCtrl] Safety Error Detected! Code: 12
[2026-07-07 02:25:21.849] [ERR] [RobotCtrl] Safety Error Detected! Code: 12
[2026-07-07 02:25:21.879] [ERR] [RobotCtrl] Safety Error Detected! Code: 12
[2026-07-07 02:25:21.909] [ERR] [RobotCtrl] Safety Error Detected! Code: 12
[2026-07-07 02:25:21.925] [ERR] [RobotCtrl] Safety Error Detected! Code: 12
[2026-07-07 02:25:21.942] [ERR] [RobotCtrl] Safety Error Detected! Code: 12
[2026-07-07 02:25:21.958] [ERR] [RobotCtrl] Safety Error Detected! Code: 12
[2026-07-07 02:25:21.974] [ERR] [RobotCtrl] Safety Error Detected! Code: 12
[2026-07-07 02:25:21.989] [ERR] [RobotCtrl] Safety Error Detected! Code: 12
[2026-07-07 02:25:22.019] [ERR] [RobotCtrl] Safety Error Detected! Code: 12
[2026-07-07 02:25:22.019] [ERR] [RobotCtrl] Safety Error Detected! Code: 12
[2026-07-07 02:25:22.051] [ERR] [RobotCtrl] Safety Error Detected! Code: 12
[2026-07-07 02:25:22.082] [ERR] [RobotCtrl] Safety Error Detected! Code: 12
[2026-07-07 02:25:22.113] [ERR] [RobotCtrl] Safety Error Detected! Code: 12
[2026-07-07 02:25:22.145] [ERR] [RobotCtrl] Safety Error Detected! Code: 12
[2026-07-07 02:25:22.177] [ERR] [RobotCtrl] Safety Error Detected! Code: 12
[2026-07-07 02:25:22.207] [ERR] [RobotCtrl] Safety Error Detected! Code: 12
[2026-07-07 02:25:22.223] [ERR] [RobotCtrl] Safety Error Detected! Code: 12
[2026-07-07 02:25:22.254] [ERR] [RobotCtrl] Safety Error Detected! Code: 12
[2026-07-07 02:25:22.284] [ERR] [RobotCtrl] Safety Error Detected! Code: 12
[2026-07-07 02:25:22.302] [ERR] [RobotCtrl] Safety Error Detected! Code: 12
[2026-07-07 02:25:22.317] [ERR] [RobotCtrl] Safety Error Detected! Code: 12
[2026-07-07 02:25:22.350] [ERR] [RobotCtrl] Safety Error Detected! Code: 12
[2026-07-07 02:25:22.364] [ERR] [RobotCtrl] Safety Error Detected! Code: 12
[2026-07-07 02:25:22.395] [ERR] [RobotCtrl] Safety Error Detected! Code: 12
[2026-07-07 02:25:22.428] [ERR] [RobotCtrl] Safety Error Detected! Code: 12
[2026-07-07 02:25:22.458] [ERR] [RobotCtrl] Safety Error Detected! Code: 12
[2026-07-07 02:25:22.473] [ERR] [RobotCtrl] Safety Error Detected! Code: 12
[2026-07-07 02:25:22.504] [ERR] [RobotCtrl] Safety Error Detected! Code: 12
[2026-07-07 02:25:22.504] [ERR] [RobotCtrl] Safety Error Detected! Code: 12
[2026-07-07 02:25:22.521] [ERR] [RobotCtrl] Safety Error Detected! Code: 12
[2026-07-07 02:25:22.534] [ERR] [RobotCtrl] Safety Error Detected! Code: 12
[2026-07-07 02:25:22.534] [ERR] [RobotCtrl] Safety Error Detected! Code: 12
[2026-07-07 02:25:22.567] [ERR] [RobotCtrl] Safety Error Detected! Code: 12
[2026-07-07 02:25:22.599] [ERR] [RobotCtrl] Safety Error Detected! Code: 12
[2026-07-07 02:25:22.628] [ERR] [RobotCtrl] Safety Error Detected! Code: 12
[2026-07-07 02:25:22.643] [ERR] [RobotCtrl] Safety Error Detected! Code: 12
[2026-07-07 02:25:22.661] [ERR] [RobotCtrl] Safety Error Detected! Code: 12
[2026-07-07 02:25:22.661] [ERR] [RobotCtrl] Safety Error Detected! Code: 12
[2026-07-07 02:25:22.691] [ERR] [RobotCtrl] Safety Error Detected! Code: 12
[2026-07-07 02:25:22.691] [ERR] [RobotCtrl] Safety Error Detected! Code: 12
[2026-07-07 02:25:22.706] [ERR] [RobotCtrl] Safety Error Detected! Code: 12
[2026-07-07 02:25:22.739] [ERR] [RobotCtrl] Safety Error Detected! Code: 12
[2026-07-07 02:25:22.771] [ERR] [RobotCtrl] Safety Error Detected! Code: 12
[2026-07-07 02:25:22.771] [ERR] [RobotCtrl] Safety Error Detected! Code: 12
[2026-07-07 02:25:22.786] [ERR] [RobotCtrl] Safety Error Detected! Code: 12
[2026-07-07 02:25:22.801] [ERR] [RobotCtrl] Safety Error Detected! Code: 12
[2026-07-07 02:25:22.832] [ERR] [RobotCtrl] Safety Error Detected! Code: 12
[2026-07-07 02:25:22.832] [ERR] [RobotCtrl] Safety Error Detected! Code: 12
[2026-07-07 02:25:22.849] [ERR] [RobotCtrl] Safety Error Detected! Code: 12
[2026-07-07 02:25:22.863] [ERR] [RobotCtrl] Safety Error Detected! Code: 12
[2026-07-07 02:25:22.880] [ERR] [RobotCtrl] Safety Error Detected! Code: 12
[2026-07-07 02:25:22.896] [ERR] [RobotCtrl] Safety Error Detected! Code: 12
[2026-07-07 02:25:22.926] [ERR] [RobotCtrl] Safety Error Detected! Code: 12
[2026-07-07 02:25:22.956] [ERR] [RobotCtrl] Safety Error Detected! Code: 12
[2026-07-07 02:25:22.974] [ERR] [RobotCtrl] Safety Error Detected! Code: 12
[2026-07-07 02:25:22.990] [ERR] [RobotCtrl] Safety Error Detected! Code: 12
[2026-07-07 02:25:23.021] [ERR] [RobotCtrl] Safety Error Detected! Code: 12
[2026-07-07 02:25:23.051] [ERR] [RobotCtrl] Safety Error Detected! Code: 12
[2026-07-07 02:25:23.051] [ERR] [RobotCtrl] Safety Error Detected! Code: 12
[2026-07-07 02:25:23.067] [ERR] [RobotCtrl] Safety Error Detected! Code: 12
[2026-07-07 02:25:23.097] [ERR] [RobotCtrl] Safety Error Detected! Code: 12
[2026-07-07 02:25:23.128] [ERR] [RobotCtrl] Safety Error Detected! Code: 12
[2026-07-07 02:25:23.146] [ERR] [RobotCtrl] Safety Error Detected! Code: 12
[2026-07-07 02:25:23.177] [ERR] [RobotCtrl] Safety Error Detected! Code: 12
[2026-07-07 02:25:23.177] [ERR] [RobotCtrl] Safety Error Detected! Code: 12
[2026-07-07 02:25:23.192] [ERR] [RobotCtrl] Safety Error Detected! Code: 12
[2026-07-07 02:25:23.223] [ERR] [RobotCtrl] Safety Error Detected! Code: 12
[2026-07-07 02:25:23.223] [ERR] [RobotCtrl] Safety Error Detected! Code: 12
[2026-07-07 02:25:23.239] [ERR] [RobotCtrl] Safety Error Detected! Code: 12
[2026-07-07 02:25:23.270] [ERR] [RobotCtrl] Safety Error Detected! Code: 12
[2026-07-07 02:25:23.301] [ERR] [RobotCtrl] Safety Error Detected! Code: 12
[2026-07-07 02:25:23.333] [ERR] [RobotCtrl] Safety Error Detected! Code: 12
[2026-07-07 02:25:23.346] [ERR] [RobotCtrl] Safety Error Detected! Code: 12
[2026-07-07 02:25:23.379] [ERR] [RobotCtrl] Safety Error Detected! Code: 12
[2026-07-07 02:25:23.379] [ERR] [RobotCtrl] Safety Error Detected! Code: 12
[2026-07-07 02:25:23.396] [ERR] [RobotCtrl] Safety Error Detected! Code: 12
[2026-07-07 02:25:23.426] [ERR] [RobotCtrl] Safety Error Detected! Code: 12
[2026-07-07 02:25:23.440] [ERR] [RobotCtrl] Safety Error Detected! Code: 12
[2026-07-07 02:25:23.457] [ERR] [RobotCtrl] Safety Error Detected! Code: 12
[2026-07-07 02:25:23.474] [ERR] [RobotCtrl] Safety Error Detected! Code: 12
[2026-07-07 02:25:23.490] [ERR] [RobotCtrl] Safety Error Detected! Code: 12
[2026-07-07 02:25:23.504] [ERR] [RobotCtrl] Safety Error Detected! Code: 12
[2026-07-07 02:25:23.518] [ERR] [RobotCtrl] Safety Error Detected! Code: 12
[2026-07-07 02:25:23.518] [ERR] [RobotCtrl] Safety Error Detected! Code: 12
[2026-07-07 02:25:23.538] [ERR] [RobotCtrl] Safety Error Detected! Code: 12
[2026-07-07 02:25:23.552] [ERR] [RobotCtrl] Safety Error Detected! Code: 12
[2026-07-07 02:25:23.582] [ERR] [RobotCtrl] Safety Error Detected! Code: 12
[2026-07-07 02:25:23.582] [ERR] [RobotCtrl] Safety Error Detected! Code: 12
[2026-07-07 02:25:23.613] [ERR] [RobotCtrl] Safety Error Detected! Code: 12
[2026-07-07 02:25:23.631] [ERR] [RobotCtrl] Safety Error Detected! Code: 12
[2026-07-07 02:25:23.662] [ERR] [RobotCtrl] Safety Error Detected! Code: 12
[2026-07-07 02:25:23.677] [ERR] [RobotCtrl] Safety Error Detected! Code: 12
[2026-07-07 02:25:23.708] [ERR] [RobotCtrl] Safety Error Detected! Code: 12
[2026-07-07 02:25:23.738] [ERR] [RobotCtrl] Safety Error Detected! Code: 12
[2026-07-07 02:25:23.755] [ERR] [RobotCtrl] Safety Error Detected! Code: 12
[2026-07-07 02:25:23.770] [ERR] [RobotCtrl] Safety Error Detected! Code: 12
[2026-07-07 02:25:23.785] [ERR] [RobotCtrl] Safety Error Detected! Code: 12
[2026-07-07 02:25:23.800] [ERR] [RobotCtrl] Safety Error Detected! Code: 12
[2026-07-07 02:25:23.832] [ERR] [RobotCtrl] Safety Error Detected! Code: 12
[2026-07-07 02:25:23.863] [ERR] [RobotCtrl] Safety Error Detected! Code: 12
[2026-07-07 02:25:23.863] [ERR] [RobotCtrl] Safety Error Detected! Code: 12
[2026-07-07 02:25:23.878] [ERR] [RobotCtrl] Safety Error Detected! Code: 12
[2026-07-07 02:25:23.912] [ERR] [RobotCtrl] Safety Error Detected! Code: 12
[2026-07-07 02:25:23.942] [ERR] [RobotCtrl] Safety Error Detected! Code: 12
[2026-07-07 02:25:23.956] [ERR] [RobotCtrl] Safety Error Detected! Code: 12
[2026-07-07 02:25:23.973] [ERR] [RobotCtrl] Safety Error Detected! Code: 12
[2026-07-07 02:25:23.990] [ERR] [RobotCtrl] Safety Error Detected! Code: 12
[2026-07-07 02:25:24.019] [ERR] [RobotCtrl] Safety Error Detected! Code: 12
[2026-07-07 02:25:24.019] [ERR] [RobotCtrl] Safety Error Detected! Code: 12
[2026-07-07 02:25:24.035] [ERR] [RobotCtrl] Safety Error Detected! Code: 12
[2026-07-07 02:25:24.052] [ERR] [RobotCtrl] Safety Error Detected! Code: 12
[2026-07-07 02:25:24.082] [ERR] [RobotCtrl] Safety Error Detected! Code: 12
[2026-07-07 02:25:24.114] [ERR] [RobotCtrl] Safety Error Detected! Code: 12
[2026-07-07 02:25:24.146] [ERR] [RobotCtrl] Safety Error Detected! Code: 12
[2026-07-07 02:25:24.176] [ERR] [RobotCtrl] Safety Error Detected! Code: 12
[2026-07-07 02:25:24.192] [ERR] [RobotCtrl] Safety Error Detected! Code: 12
[2026-07-07 02:25:24.221] [ERR] [RobotCtrl] Safety Error Detected! Code: 12
[2026-07-07 02:25:24.237] [ERR] [RobotCtrl] Safety Error Detected! Code: 12
[2026-07-07 02:25:24.253] [ERR] [RobotCtrl] Safety Error Detected! Code: 12
[2026-07-07 02:25:24.270] [ERR] [RobotCtrl] Safety Error Detected! Code: 12
[2026-07-07 02:25:24.270] [ERR] [RobotCtrl] Safety Error Detected! Code: 12
[2026-07-07 02:25:24.300] [ERR] [RobotCtrl] Safety Error Detected! Code: 12
[2026-07-07 02:25:24.318] [ERR] [RobotCtrl] Safety Error Detected! Code: 12
[2026-07-07 02:25:24.334] [ERR] [RobotCtrl] Safety Error Detected! Code: 12
[2026-07-07 02:25:24.363] [ERR] [RobotCtrl] Safety Error Detected! Code: 12
[2026-07-07 02:25:24.395] [ERR] [RobotCtrl] Safety Error Detected! Code: 12
[2026-07-07 02:25:24.395] [ERR] [RobotCtrl] Safety Error Detected! Code: 12
[2026-07-07 02:25:24.412] [ERR] [RobotCtrl] Safety Error Detected! Code: 12
[2026-07-07 02:25:24.426] [ERR] [RobotCtrl] Safety Error Detected! Code: 12
[2026-07-07 02:25:24.458] [ERR] [RobotCtrl] Safety Error Detected! Code: 12
[2026-07-07 02:25:24.474] [ERR] [RobotCtrl] Safety Error Detected! Code: 12
[2026-07-07 02:25:24.487] [ERR] [RobotCtrl] Safety Error Detected! Code: 12
[2026-07-07 02:25:24.487] [ERR] [RobotCtrl] Safety Error Detected! Code: 12
[2026-07-07 02:25:24.518] [ERR] [RobotCtrl] Safety Error Detected! Code: 12
[2026-07-07 02:25:24.536] [ERR] [RobotCtrl] Safety Error Detected! Code: 12
[2026-07-07 02:25:24.536] [ERR] [RobotCtrl] Safety Error Detected! Code: 12
[2026-07-07 02:25:24.565] [ERR] [RobotCtrl] Safety Error Detected! Code: 12
[2026-07-07 02:25:24.582] [ERR] [RobotCtrl] Safety Error Detected! Code: 12
[2026-07-07 02:25:24.582] [ERR] [RobotCtrl] Safety Error Detected! Code: 12
[2026-07-07 02:25:24.613] [ERR] [RobotCtrl] Safety Error Detected! Code: 12
[2026-07-07 02:25:24.613] [ERR] [RobotCtrl] Safety Error Detected! Code: 12
[2026-07-07 02:25:24.645] [ERR] [RobotCtrl] Safety Error Detected! Code: 12
[2026-07-07 02:25:24.659] [ERR] [RobotCtrl] Safety Error Detected! Code: 12
[2026-07-07 02:25:24.692] [ERR] [RobotCtrl] Safety Error Detected! Code: 12
[2026-07-07 02:25:24.722] [ERR] [RobotCtrl] Safety Error Detected! Code: 12
[2026-07-07 02:25:24.738] [ERR] [RobotCtrl] Safety Error Detected! Code: 12
[2026-07-07 02:25:24.769] [ERR] [RobotCtrl] Safety Error Detected! Code: 12
[2026-07-07 02:25:24.769] [ERR] [RobotCtrl] Safety Error Detected! Code: 12
[2026-07-07 02:25:24.801] [ERR] [RobotCtrl] Safety Error Detected! Code: 12
[2026-07-07 02:25:24.818] [ERR] [RobotCtrl] Safety Error Detected! Code: 12
[2026-07-07 02:25:24.832] [ERR] [RobotCtrl] Safety Error Detected! Code: 12
[2026-07-07 02:25:24.847] [ERR] [RobotCtrl] Safety Error Detected! Code: 12
[2026-07-07 02:25:24.878] [ERR] [RobotCtrl] Safety Error Detected! Code: 12
[2026-07-07 02:25:24.895] [ERR] [RobotCtrl] Safety Error Detected! Code: 12
[2026-07-07 02:25:24.911] [ERR] [RobotCtrl] Safety Error Detected! Code: 12
[2026-07-07 02:25:24.941] [ERR] [RobotCtrl] Safety Error Detected! Code: 12
[2026-07-07 02:25:24.958] [ERR] [RobotCtrl] Safety Error Detected! Code: 12
[2026-07-07 02:25:24.989] [ERR] [RobotCtrl] Safety Error Detected! Code: 12
[2026-07-07 02:25:25.006] [ERR] [RobotCtrl] Safety Error Detected! Code: 12
[2026-07-07 02:25:25.037] [ERR] [RobotCtrl] Safety Error Detected! Code: 12
[2026-07-07 02:25:25.037] [ERR] [RobotCtrl] Safety Error Detected! Code: 12
[2026-07-07 02:25:25.052] [ERR] [RobotCtrl] Safety Error Detected! Code: 12
[2026-07-07 02:25:25.068] [ERR] [RobotCtrl] Safety Error Detected! Code: 12
[2026-07-07 02:25:25.082] [ERR] [RobotCtrl] Safety Error Detected! Code: 12
[2026-07-07 02:25:25.113] [ERR] [RobotCtrl] Safety Error Detected! Code: 12
[2026-07-07 02:25:25.113] [ERR] [RobotCtrl] Safety Error Detected! Code: 12
[2026-07-07 02:25:25.144] [ERR] [RobotCtrl] Safety Error Detected! Code: 12
[2026-07-07 02:25:25.144] [ERR] [RobotCtrl] Safety Error Detected! Code: 12
[2026-07-07 02:25:25.161] [ERR] [RobotCtrl] Safety Error Detected! Code: 12
[2026-07-07 02:25:25.177] [ERR] [RobotCtrl] Safety Error Detected! Code: 12
[2026-07-07 02:25:25.207] [ERR] [RobotCtrl] Safety Error Detected! Code: 12
[2026-07-07 02:25:25.207] [ERR] [RobotCtrl] Safety Error Detected! Code: 12
[2026-07-07 02:25:25.224] [ERR] [RobotCtrl] Safety Error Detected! Code: 12
[2026-07-07 02:25:25.224] [ERR] [RobotCtrl] Safety Error Detected! Code: 12
[2026-07-07 02:25:25.254] [ERR] [RobotCtrl] Safety Error Detected! Code: 12
[2026-07-07 02:25:25.268] [ERR] [RobotCtrl] Safety Error Detected! Code: 12
[2026-07-07 02:25:25.268] [ERR] [RobotCtrl] Safety Error Detected! Code: 12
[2026-07-07 02:25:25.286] [ERR] [RobotCtrl] Safety Error Detected! Code: 12
[2026-07-07 02:25:25.301] [ERR] [RobotCtrl] Safety Error Detected! Code: 12
[2026-07-07 02:25:25.318] [ERR] [RobotCtrl] Safety Error Detected! Code: 12
[2026-07-07 02:25:25.350] [ERR] [RobotCtrl] Safety Error Detected! Code: 12
[2026-07-07 02:25:25.364] [ERR] [RobotCtrl] Safety Error Detected! Code: 12
[2026-07-07 02:25:25.393] [ERR] [RobotCtrl] Safety Error Detected! Code: 12
[2026-07-07 02:25:25.393] [ERR] [RobotCtrl] Safety Error Detected! Code: 12
[2026-07-07 02:25:25.426] [ERR] [RobotCtrl] Safety Error Detected! Code: 12
[2026-07-07 02:25:25.458] [ERR] [RobotCtrl] Safety Error Detected! Code: 12
[2026-07-07 02:25:25.473] [ERR] [RobotCtrl] Safety Error Detected! Code: 12
[2026-07-07 02:25:25.473] [ERR] [RobotCtrl] Safety Error Detected! Code: 12
[2026-07-07 02:25:25.505] [ERR] [RobotCtrl] Safety Error Detected! Code: 12
[2026-07-07 02:25:25.505] [ERR] [RobotCtrl] Safety Error Detected! Code: 12
[2026-07-07 02:25:25.534] [ERR] [RobotCtrl] Safety Error Detected! Code: 12
[2026-07-07 02:25:25.534] [ERR] [RobotCtrl] Safety Error Detected! Code: 12
[2026-07-07 02:25:25.567] [ERR] [RobotCtrl] Safety Error Detected! Code: 12
[2026-07-07 02:25:25.598] [ERR] [RobotCtrl] Safety Error Detected! Code: 12
[2026-07-07 02:25:25.629] [ERR] [RobotCtrl] Safety Error Detected! Code: 12
[2026-07-07 02:25:25.629] [ERR] [RobotCtrl] Safety Error Detected! Code: 12
[2026-07-07 02:25:25.661] [ERR] [RobotCtrl] Safety Error Detected! Code: 12
[2026-07-07 02:25:25.690] [ERR] [RobotCtrl] Safety Error Detected! Code: 12
[2026-07-07 02:25:25.690] [ERR] [RobotCtrl] Safety Error Detected! Code: 12
[2026-07-07 02:25:25.724] [ERR] [RobotCtrl] Safety Error Detected! Code: 12
[2026-07-07 02:25:25.724] [ERR] [RobotCtrl] Safety Error Detected! Code: 12
[2026-07-07 02:25:25.755] [ERR] [RobotCtrl] Safety Error Detected! Code: 12
[2026-07-07 02:25:25.771] [ERR] [RobotCtrl] Safety Error Detected! Code: 12
[2026-07-07 02:25:25.785] [ERR] [RobotCtrl] Safety Error Detected! Code: 12
[2026-07-07 02:25:25.817] [ERR] [RobotCtrl] Safety Error Detected! Code: 12
[2026-07-07 02:25:25.831] [ERR] [RobotCtrl] Safety Error Detected! Code: 12
[2026-07-07 02:25:25.848] [ERR] [RobotCtrl] Safety Error Detected! Code: 12
[2026-07-07 02:25:25.880] [ERR] [RobotCtrl] Safety Error Detected! Code: 12
[2026-07-07 02:25:25.880] [ERR] [RobotCtrl] Safety Error Detected! Code: 12
[2026-07-07 02:25:25.910] [ERR] [RobotCtrl] Safety Error Detected! Code: 12
[2026-07-07 02:25:25.910] [ERR] [RobotCtrl] Safety Error Detected! Code: 12
[2026-07-07 02:25:25.941] [ERR] [RobotCtrl] Safety Error Detected! Code: 12
[2026-07-07 02:25:25.958] [ERR] [RobotCtrl] Safety Error Detected! Code: 12
[2026-07-07 02:25:25.989] [ERR] [RobotCtrl] Safety Error Detected! Code: 12
[2026-07-07 02:25:26.004] [ERR] [RobotCtrl] Safety Error Detected! Code: 12
[2026-07-07 02:25:26.004] [ERR] [RobotCtrl] Safety Error Detected! Code: 12
[2026-07-07 02:25:26.034] [ERR] [RobotCtrl] Safety Error Detected! Code: 12
[2026-07-07 02:25:26.034] [ERR] [RobotCtrl] Safety Error Detected! Code: 12
[2026-07-07 02:25:26.066] [ERR] [RobotCtrl] Safety Error Detected! Code: 12
[2026-07-07 02:25:26.083] [ERR] [RobotCtrl] Safety Error Detected! Code: 12
[2026-07-07 02:25:26.098] [ERR] [RobotCtrl] Safety Error Detected! Code: 12
[2026-07-07 02:25:26.128] [ERR] [RobotCtrl] Safety Error Detected! Code: 12
[2026-07-07 02:25:26.145] [ERR] [RobotCtrl] Safety Error Detected! Code: 12
[2026-07-07 02:25:26.158] [ERR] [RobotCtrl] Safety Error Detected! Code: 12
[2026-07-07 02:25:26.174] [ERR] [RobotCtrl] Safety Error Detected! Code: 12
[2026-07-07 02:25:26.174] [ERR] [RobotCtrl] Safety Error Detected! Code: 12
[2026-07-07 02:25:26.207] [ERR] [RobotCtrl] Safety Error Detected! Code: 12
[2026-07-07 02:25:26.224] [ERR] [RobotCtrl] Safety Error Detected! Code: 12
[2026-07-07 02:25:26.238] [ERR] [RobotCtrl] Safety Error Detected! Code: 12
[2026-07-07 02:25:26.271] [ERR] [RobotCtrl] Safety Error Detected! Code: 12
[2026-07-07 02:25:26.302] [ERR] [RobotCtrl] Safety Error Detected! Code: 12
[2026-07-07 02:25:26.332] [ERR] [RobotCtrl] Safety Error Detected! Code: 12
[2026-07-07 02:25:26.332] [ERR] [RobotCtrl] Safety Error Detected! Code: 12
[2026-07-07 02:25:26.349] [ERR] [RobotCtrl] Safety Error Detected! Code: 12
[2026-07-07 02:25:26.378] [ERR] [RobotCtrl] Safety Error Detected! Code: 12
[2026-07-07 02:25:26.378] [ERR] [RobotCtrl] Safety Error Detected! Code: 12
[2026-07-07 02:25:26.409] [ERR] [RobotCtrl] Safety Error Detected! Code: 12
[2026-07-07 02:25:26.425] [ERR] [RobotCtrl] Safety Error Detected! Code: 12
[2026-07-07 02:25:26.442] [ERR] [RobotCtrl] Safety Error Detected! Code: 12
[2026-07-07 02:25:26.457] [ERR] [RobotCtrl] Safety Error Detected! Code: 12
[2026-07-07 02:25:26.473] [ERR] [RobotCtrl] Safety Error Detected! Code: 12
[2026-07-07 02:25:26.489] [ERR] [RobotCtrl] Safety Error Detected! Code: 12
[2026-07-07 02:25:26.505] [ERR] [RobotCtrl] Safety Error Detected! Code: 12
[2026-07-07 02:25:26.520] [ERR] [RobotCtrl] Safety Error Detected! Code: 12
[2026-07-07 02:25:26.551] [ERR] [RobotCtrl] Safety Error Detected! Code: 12
[2026-07-07 02:25:26.551] [ERR] [RobotCtrl] Safety Error Detected! Code: 12
[2026-07-07 02:25:26.583] [ERR] [RobotCtrl] Safety Error Detected! Code: 12
[2026-07-07 02:25:26.599] [ERR] [RobotCtrl] Safety Error Detected! Code: 12
[2026-07-07 02:25:26.629] [ERR] [RobotCtrl] Safety Error Detected! Code: 12
[2026-07-07 02:25:26.646] [ERR] [RobotCtrl] Safety Error Detected! Code: 12
[2026-07-07 02:25:26.660] [ERR] [RobotCtrl] Safety Error Detected! Code: 12
[2026-07-07 02:25:26.676] [ERR] [RobotCtrl] Safety Error Detected! Code: 12
[2026-07-07 02:25:26.693] [ERR] [RobotCtrl] Safety Error Detected! Code: 12
[2026-07-07 02:25:26.722] [ERR] [RobotCtrl] Safety Error Detected! Code: 12
[2026-07-07 02:25:26.739] [ERR] [RobotCtrl] Safety Error Detected! Code: 12
[2026-07-07 02:25:26.756] [ERR] [RobotCtrl] Safety Error Detected! Code: 12
[2026-07-07 02:25:26.786] [ERR] [RobotCtrl] Safety Error Detected! Code: 12
[2026-07-07 02:25:26.799] [ERR] [RobotCtrl] Safety Error Detected! Code: 12
[2026-07-07 02:25:26.817] [ERR] [RobotCtrl] Safety Error Detected! Code: 12
[2026-07-07 02:25:26.832] [ERR] [RobotCtrl] Safety Error Detected! Code: 12
[2026-07-07 02:25:26.862] [ERR] [RobotCtrl] Safety Error Detected! Code: 12
[2026-07-07 02:25:26.862] [ERR] [RobotCtrl] Safety Error Detected! Code: 12
[2026-07-07 02:25:26.862] [ERR] [RobotCtrl] Safety Error Detected! Code: 12
[2026-07-07 02:25:26.879] [ERR] [RobotCtrl] Safety Error Detected! Code: 12
[2026-07-07 02:25:26.909] [ERR] [RobotCtrl] Safety Error Detected! Code: 12
[2026-07-07 02:25:26.909] [ERR] [RobotCtrl] Safety Error Detected! Code: 12
[2026-07-07 02:25:26.925] [ERR] [RobotCtrl] Safety Error Detected! Code: 12
[2026-07-07 02:25:26.942] [ERR] [RobotCtrl] Safety Error Detected! Code: 12
[2026-07-07 02:25:26.958] [ERR] [RobotCtrl] Safety Error Detected! Code: 12
[2026-07-07 02:25:26.973] [ERR] [RobotCtrl] Safety Error Detected! Code: 12
[2026-07-07 02:25:26.990] [ERR] [RobotCtrl] Safety Error Detected! Code: 12
[2026-07-07 02:25:27.004] [ERR] [RobotCtrl] Safety Error Detected! Code: 12
[2026-07-07 02:25:27.020] [ERR] [RobotCtrl] Safety Error Detected! Code: 12
[2026-07-07 02:25:27.049] [ERR] [RobotCtrl] Safety Error Detected! Code: 12
[2026-07-07 02:25:27.049] [ERR] [RobotCtrl] Safety Error Detected! Code: 12
[2026-07-07 02:25:27.083] [ERR] [RobotCtrl] Safety Error Detected! Code: 12
[2026-07-07 02:25:27.098] [ERR] [RobotCtrl] Safety Error Detected! Code: 12
[2026-07-07 02:25:27.129] [ERR] [RobotCtrl] Safety Error Detected! Code: 12
[2026-07-07 02:25:27.160] [ERR] [RobotCtrl] Safety Error Detected! Code: 12
[2026-07-07 02:25:27.190] [ERR] [RobotCtrl] Safety Error Detected! Code: 12
[2026-07-07 02:25:27.207] [ERR] [RobotCtrl] Safety Error Detected! Code: 12
[2026-07-07 02:25:27.224] [ERR] [RobotCtrl] Safety Error Detected! Code: 12
[2026-07-07 02:25:27.255] [ERR] [RobotCtrl] Safety Error Detected! Code: 12
[2026-07-07 02:25:27.255] [ERR] [RobotCtrl] Safety Error Detected! Code: 12
[2026-07-07 02:25:27.286] [ERR] [RobotCtrl] Safety Error Detected! Code: 12
[2026-07-07 02:25:27.316] [ERR] [RobotCtrl] Safety Error Detected! Code: 12
[2026-07-07 02:25:27.316] [ERR] [RobotCtrl] Safety Error Detected! Code: 12
[2026-07-07 02:25:27.348] [ERR] [RobotCtrl] Safety Error Detected! Code: 12
[2026-07-07 02:25:27.378] [ERR] [RobotCtrl] Safety Error Detected! Code: 12
[2026-07-07 02:25:27.397] [ERR] [RobotCtrl] Safety Error Detected! Code: 12
[2026-07-07 02:25:27.410] [ERR] [RobotCtrl] Safety Error Detected! Code: 12
[2026-07-07 02:25:27.443] [ERR] [RobotCtrl] Safety Error Detected! Code: 12
[2026-07-07 02:25:27.474] [ERR] [RobotCtrl] Safety Error Detected! Code: 12
[2026-07-07 02:25:27.489] [ERR] [RobotCtrl] Safety Error Detected! Code: 12
[2026-07-07 02:25:27.520] [ERR] [RobotCtrl] Safety Error Detected! Code: 12
[2026-07-07 02:25:27.520] [ERR] [RobotCtrl] Safety Error Detected! Code: 12
[2026-07-07 02:25:27.537] [ERR] [RobotCtrl] Safety Error Detected! Code: 12
[2026-07-07 02:25:27.566] [ERR] [RobotCtrl] Safety Error Detected! Code: 12
[2026-07-07 02:25:27.566] [ERR] [RobotCtrl] Safety Error Detected! Code: 12
[2026-07-07 02:25:27.599] [ERR] [RobotCtrl] Safety Error Detected! Code: 12
[2026-07-07 02:25:27.613] [ERR] [RobotCtrl] Safety Error Detected! Code: 12
[2026-07-07 02:25:27.630] [ERR] [RobotCtrl] Safety Error Detected! Code: 12
[2026-07-07 02:25:27.646] [ERR] [RobotCtrl] Safety Error Detected! Code: 12
[2026-07-07 02:25:27.660] [ERR] [RobotCtrl] Safety Error Detected! Code: 12
[2026-07-07 02:25:27.676] [ERR] [RobotCtrl] Safety Error Detected! Code: 12
[2026-07-07 02:25:27.705] [ERR] [RobotCtrl] Safety Error Detected! Code: 12
[2026-07-07 02:25:27.705] [ERR] [RobotCtrl] Safety Error Detected! Code: 12
[2026-07-07 02:25:27.738] [ERR] [RobotCtrl] Safety Error Detected! Code: 12
[2026-07-07 02:25:27.752] [ERR] [RobotCtrl] Safety Error Detected! Code: 12
[2026-07-07 02:25:27.768] [ERR] [RobotCtrl] Safety Error Detected! Code: 12
[2026-07-07 02:25:27.785] [ERR] [RobotCtrl] Safety Error Detected! Code: 12
[2026-07-07 02:25:27.799] [ERR] [RobotCtrl] Safety Error Detected! Code: 12
[2026-07-07 02:25:27.817] [ERR] [RobotCtrl] Safety Error Detected! Code: 12
[2026-07-07 02:25:27.849] [ERR] [RobotCtrl] Safety Error Detected! Code: 12
[2026-07-07 02:25:27.863] [ERR] [RobotCtrl] Safety Error Detected! Code: 12
[2026-07-07 02:25:27.894] [ERR] [RobotCtrl] Safety Error Detected! Code: 12
[2026-07-07 02:25:27.911] [ERR] [RobotCtrl] Safety Error Detected! Code: 12
[2026-07-07 02:25:27.941] [ERR] [RobotCtrl] Safety Error Detected! Code: 12
[2026-07-07 02:25:27.956] [ERR] [RobotCtrl] Safety Error Detected! Code: 12
[2026-07-07 02:25:27.987] [ERR] [RobotCtrl] Safety Error Detected! Code: 12
[2026-07-07 02:25:27.987] [ERR] [RobotCtrl] Safety Error Detected! Code: 12
[2026-07-07 02:25:28.019] [ERR] [RobotCtrl] Safety Error Detected! Code: 12
[2026-07-07 02:25:28.019] [ERR] [RobotCtrl] Safety Error Detected! Code: 12
[2026-07-07 02:25:28.052] [ERR] [RobotCtrl] Safety Error Detected! Code: 12
[2026-07-07 02:25:28.068] [ERR] [RobotCtrl] Safety Error Detected! Code: 12
[2026-07-07 02:25:28.083] [ERR] [RobotCtrl] Safety Error Detected! Code: 12
[2026-07-07 02:25:28.098] [ERR] [RobotCtrl] Safety Error Detected! Code: 12
[2026-07-07 02:25:28.115] [ERR] [RobotCtrl] Safety Error Detected! Code: 12
[2026-07-07 02:25:28.143] [ERR] [RobotCtrl] Safety Error Detected! Code: 12
[2026-07-07 02:25:28.143] [ERR] [RobotCtrl] Safety Error Detected! Code: 12
[2026-07-07 02:25:28.162] [ERR] [RobotCtrl] Safety Error Detected! Code: 12
[2026-07-07 02:25:28.175] [ERR] [RobotCtrl] Safety Error Detected! Code: 12
[2026-07-07 02:25:28.206] [ERR] [RobotCtrl] Safety Error Detected! Code: 12
[2026-07-07 02:25:28.223] [ERR] [RobotCtrl] Safety Error Detected! Code: 12
[2026-07-07 02:25:28.237] [ERR] [RobotCtrl] Safety Error Detected! Code: 12
[2026-07-07 02:25:28.237] [ERR] [RobotCtrl] Safety Error Detected! Code: 12
[2026-07-07 02:25:28.272] [ERR] [RobotCtrl] Safety Error Detected! Code: 12
[2026-07-07 02:25:28.272] [ERR] [RobotCtrl] Safety Error Detected! Code: 12
[2026-07-07 02:25:28.286] [ERR] [RobotCtrl] Safety Error Detected! Code: 12
[2026-07-07 02:25:28.301] [ERR] [RobotCtrl] Safety Error Detected! Code: 12
[2026-07-07 02:25:28.332] [ERR] [RobotCtrl] Safety Error Detected! Code: 12
[2026-07-07 02:25:28.363] [ERR] [RobotCtrl] Safety Error Detected! Code: 12
[2026-07-07 02:25:28.363] [ERR] [RobotCtrl] Safety Error Detected! Code: 12
[2026-07-07 02:25:28.380] [ERR] [RobotCtrl] Safety Error Detected! Code: 12
[2026-07-07 02:25:28.410] [ERR] [RobotCtrl] Safety Error Detected! Code: 12
[2026-07-07 02:25:28.427] [ERR] [RobotCtrl] Safety Error Detected! Code: 12
[2026-07-07 02:25:28.457] [ERR] [RobotCtrl] Safety Error Detected! Code: 12
[2026-07-07 02:25:28.474] [ERR] [RobotCtrl] Safety Error Detected! Code: 12
[2026-07-07 02:25:28.504] [ERR] [RobotCtrl] Safety Error Detected! Code: 12
[2026-07-07 02:25:28.504] [ERR] [RobotCtrl] Safety Error Detected! Code: 12
[2026-07-07 02:25:28.518] [ERR] [RobotCtrl] Safety Error Detected! Code: 12
[2026-07-07 02:25:28.550] [ERR] [RobotCtrl] Safety Error Detected! Code: 12
[2026-07-07 02:25:28.568] [ERR] [RobotCtrl] Safety Error Detected! Code: 12
[2026-07-07 02:25:28.598] [ERR] [RobotCtrl] Safety Error Detected! Code: 12
[2026-07-07 02:25:28.615] [ERR] [RobotCtrl] Safety Error Detected! Code: 12
[2026-07-07 02:25:28.628] [ERR] [RobotCtrl] Safety Error Detected! Code: 12
[2026-07-07 02:25:28.645] [ERR] [RobotCtrl] Safety Error Detected! Code: 12
[2026-07-07 02:25:28.676] [ERR] [RobotCtrl] Safety Error Detected! Code: 12
[2026-07-07 02:25:28.692] [ERR] [RobotCtrl] Safety Error Detected! Code: 12
[2026-07-07 02:25:28.708] [ERR] [RobotCtrl] Safety Error Detected! Code: 12
[2026-07-07 02:25:28.738] [ERR] [RobotCtrl] Safety Error Detected! Code: 12
[2026-07-07 02:25:28.754] [ERR] [RobotCtrl] Safety Error Detected! Code: 12
[2026-07-07 02:25:28.787] [ERR] [RobotCtrl] Safety Error Detected! Code: 12
[2026-07-07 02:25:28.801] [ERR] [RobotCtrl] Safety Error Detected! Code: 12
[2026-07-07 02:25:28.834] [ERR] [RobotCtrl] Safety Error Detected! Code: 12
[2026-07-07 02:25:28.862] [ERR] [RobotCtrl] Safety Error Detected! Code: 12
[2026-07-07 02:25:28.862] [ERR] [RobotCtrl] Safety Error Detected! Code: 12
[2026-07-07 02:25:28.879] [ERR] [RobotCtrl] Safety Error Detected! Code: 12
[2026-07-07 02:25:28.895] [ERR] [RobotCtrl] Safety Error Detected! Code: 12
[2026-07-07 02:25:28.926] [ERR] [RobotCtrl] Safety Error Detected! Code: 12
[2026-07-07 02:25:28.941] [ERR] [RobotCtrl] Safety Error Detected! Code: 12
[2026-07-07 02:25:28.941] [ERR] [RobotCtrl] Safety Error Detected! Code: 12
[2026-07-07 02:25:28.957] [ERR] [RobotCtrl] Safety Error Detected! Code: 12
[2026-07-07 02:25:28.974] [ERR] [RobotCtrl] Safety Error Detected! Code: 12
[2026-07-07 02:25:28.990] [ERR] [RobotCtrl] Safety Error Detected! Code: 12
[2026-07-07 02:25:29.020] [ERR] [RobotCtrl] Safety Error Detected! Code: 12
[2026-07-07 02:25:29.020] [ERR] [RobotCtrl] Safety Error Detected! Code: 12
[2026-07-07 02:25:29.037] [ERR] [RobotCtrl] Safety Error Detected! Code: 12
[2026-07-07 02:25:29.067] [ERR] [RobotCtrl] Safety Error Detected! Code: 12
[2026-07-07 02:25:29.083] [ERR] [RobotCtrl] Safety Error Detected! Code: 12
[2026-07-07 02:25:29.098] [ERR] [RobotCtrl] Safety Error Detected! Code: 12
[2026-07-07 02:25:29.128] [ERR] [RobotCtrl] Safety Error Detected! Code: 12
[2026-07-07 02:25:29.144] [ERR] [RobotCtrl] Safety Error Detected! Code: 12
[2026-07-07 02:25:29.160] [ERR] [RobotCtrl] Safety Error Detected! Code: 12
[2026-07-07 02:25:29.176] [ERR] [RobotCtrl] Safety Error Detected! Code: 12
[2026-07-07 02:25:29.207] [ERR] [RobotCtrl] Safety Error Detected! Code: 12
[2026-07-07 02:25:29.207] [ERR] [RobotCtrl] Safety Error Detected! Code: 12
[2026-07-07 02:25:29.238] [ERR] [RobotCtrl] Safety Error Detected! Code: 12
[2026-07-07 02:25:29.254] [ERR] [RobotCtrl] Safety Error Detected! Code: 12
[2026-07-07 02:25:29.254] [ERR] [RobotCtrl] Safety Error Detected! Code: 12
[2026-07-07 02:25:29.284] [ERR] [RobotCtrl] Safety Error Detected! Code: 12
[2026-07-07 02:25:29.284] [ERR] [RobotCtrl] Safety Error Detected! Code: 12
[2026-07-07 02:25:29.317] [ERR] [RobotCtrl] Safety Error Detected! Code: 12
[2026-07-07 02:25:29.332] [ERR] [RobotCtrl] Safety Error Detected! Code: 12
[2026-07-07 02:25:29.348] [ERR] [RobotCtrl] Safety Error Detected! Code: 12
[2026-07-07 02:25:29.379] [ERR] [RobotCtrl] Safety Error Detected! Code: 12
[2026-07-07 02:25:29.379] [ERR] [RobotCtrl] Safety Error Detected! Code: 12
[2026-07-07 02:25:29.412] [ERR] [RobotCtrl] Safety Error Detected! Code: 12
[2026-07-07 02:25:29.442] [ERR] [RobotCtrl] Safety Error Detected! Code: 12
[2026-07-07 02:25:29.473] [ERR] [RobotCtrl] Safety Error Detected! Code: 12
[2026-07-07 02:25:29.505] [ERR] [RobotCtrl] Safety Error Detected! Code: 12
[2026-07-07 02:25:29.536] [ERR] [RobotCtrl] Safety Error Detected! Code: 12
[2026-07-07 02:25:29.536] [ERR] [RobotCtrl] Safety Error Detected! Code: 12
[2026-07-07 02:25:29.553] [ERR] [RobotCtrl] Safety Error Detected! Code: 12
[2026-07-07 02:25:29.566] [ERR] [RobotCtrl] Safety Error Detected! Code: 12
[2026-07-07 02:25:29.598] [ERR] [RobotCtrl] Safety Error Detected! Code: 12
[2026-07-07 02:25:29.614] [ERR] [RobotCtrl] Safety Error Detected! Code: 12
[2026-07-07 02:25:29.631] [ERR] [RobotCtrl] Safety Error Detected! Code: 12
[2026-07-07 02:25:29.645] [ERR] [RobotCtrl] Safety Error Detected! Code: 12
[2026-07-07 02:25:29.676] [ERR] [RobotCtrl] Safety Error Detected! Code: 12
[2026-07-07 02:25:29.707] [ERR] [RobotCtrl] Safety Error Detected! Code: 12
[2026-07-07 02:25:29.739] [ERR] [RobotCtrl] Safety Error Detected! Code: 12
[2026-07-07 02:25:29.754] [ERR] [RobotCtrl] Safety Error Detected! Code: 12
[2026-07-07 02:25:29.771] [ERR] [RobotCtrl] Safety Error Detected! Code: 12
[2026-07-07 02:25:29.801] [ERR] [RobotCtrl] Safety Error Detected! Code: 12
[2026-07-07 02:25:29.801] [ERR] [RobotCtrl] Safety Error Detected! Code: 12
[2026-07-07 02:25:29.831] [ERR] [RobotCtrl] Safety Error Detected! Code: 12
[2026-07-07 02:25:29.862] [ERR] [RobotCtrl] Safety Error Detected! Code: 12
[2026-07-07 02:25:29.880] [ERR] [RobotCtrl] Safety Error Detected! Code: 12
[2026-07-07 02:25:29.896] [ERR] [RobotCtrl] Safety Error Detected! Code: 12
[2026-07-07 02:25:29.910] [ERR] [RobotCtrl] Safety Error Detected! Code: 12
[2026-07-07 02:25:29.924] [ERR] [RobotCtrl] Safety Error Detected! Code: 12
[2026-07-07 02:25:29.943] [ERR] [RobotCtrl] Safety Error Detected! Code: 12
[2026-07-07 02:25:29.973] [ERR] [RobotCtrl] Safety Error Detected! Code: 12
[2026-07-07 02:25:29.987] [ERR] [RobotCtrl] Safety Error Detected! Code: 12
[2026-07-07 02:25:29.987] [ERR] [RobotCtrl] Safety Error Detected! Code: 12
[2026-07-07 02:25:30.004] [ERR] [RobotCtrl] Safety Error Detected! Code: 12
[2026-07-07 02:25:30.036] [ERR] [RobotCtrl] Safety Error Detected! Code: 12
[2026-07-07 02:25:30.067] [ERR] [RobotCtrl] Safety Error Detected! Code: 12
[2026-07-07 02:25:30.067] [ERR] [RobotCtrl] Safety Error Detected! Code: 12
[2026-07-07 02:25:30.067] [ERR] [RobotCtrl] Safety Error Detected! Code: 12
[2026-07-07 02:25:30.096] [ERR] [RobotCtrl] Safety Error Detected! Code: 12
[2026-07-07 02:25:30.096] [ERR] [RobotCtrl] Safety Error Detected! Code: 12
[2026-07-07 02:25:30.113] [ERR] [RobotCtrl] Safety Error Detected! Code: 12
[2026-07-07 02:25:30.130] [ERR] [RobotCtrl] Safety Error Detected! Code: 12
[2026-07-07 02:25:30.160] [ERR] [RobotCtrl] Safety Error Detected! Code: 12
[2026-07-07 02:25:30.176] [ERR] [RobotCtrl] Safety Error Detected! Code: 12
[2026-07-07 02:25:30.206] [ERR] [RobotCtrl] Safety Error Detected! Code: 12
[2026-07-07 02:25:30.206] [ERR] [RobotCtrl] Safety Error Detected! Code: 12
[2026-07-07 02:25:30.223] [ERR] [RobotCtrl] Safety Error Detected! Code: 12
[2026-07-07 02:25:30.253] [ERR] [RobotCtrl] Safety Error Detected! Code: 12
[2026-07-07 02:25:30.268] [ERR] [RobotCtrl] Safety Error Detected! Code: 12
[2026-07-07 02:25:30.268] [ERR] [RobotCtrl] Safety Error Detected! Code: 12
[2026-07-07 02:25:30.286] [ERR] [RobotCtrl] Safety Error Detected! Code: 12
[2026-07-07 02:25:30.317] [ERR] [RobotCtrl] Safety Error Detected! Code: 12
[2026-07-07 02:25:30.335] [ERR] [RobotCtrl] Safety Error Detected! Code: 12
[2026-07-07 02:25:30.335] [INF] [RobotCtrl] Clear Error Request.
[2026-07-07 02:25:30.335] [INF] [MotionManager] Reset requested.
[2026-07-07 02:25:30.346] [INF] [MotionManager] RT Loop reset complete.
[2026-07-07 02:25:30.362] [INF] [HardwareManager] Forwarding clear-drive-errors request. axis_id=-1
[2026-07-07 02:25:30.363] [WRN] [RobotCtrl] Jog rejected: JOG is not enabled.
[2026-07-07 02:25:37.127] [DBG] [RobotCtrl] Jog cmd: frame=0, axis=4, inc=5, toolId=0, baseId=0
[2026-07-07 02:25:37.127] [INF] [MotionManager] Reset requested.
[2026-07-07 02:25:37.144] [INF] [MotionManager] RT Loop reset complete.
[2026-07-07 02:25:37.159] [INF] [Interpolator] Created MotionSegment of type 1 with 59 points. Duration: 0.236 s
[2026-07-07 02:25:37.159] [INF] [RobotCtrl] Jog planned successfully to axis 4: 15
[2026-07-07 02:25:40.114] [DBG] [RobotCtrl] Jog cmd: frame=0, axis=4, inc=5, toolId=0, baseId=0
[2026-07-07 02:25:40.114] [INF] [MotionManager] Reset requested.
[2026-07-07 02:25:40.114] [INF] [MotionManager] RT Loop reset complete.
[2026-07-07 02:25:40.128] [INF] [Interpolator] Created MotionSegment of type 1 with 59 points. Duration: 0.236 s
[2026-07-07 02:25:40.128] [INF] [RobotCtrl] Jog planned successfully to axis 4: 20
[2026-07-07 02:25:41.378] [DBG] [RobotCtrl] Jog cmd: frame=0, axis=4, inc=5, toolId=0, baseId=0
[2026-07-07 02:25:41.378] [INF] [MotionManager] Reset requested.
[2026-07-07 02:25:41.393] [INF] [MotionManager] RT Loop reset complete.
[2026-07-07 02:25:41.393] [INF] [Interpolator] Created MotionSegment of type 1 with 59 points. Duration: 0.236 s
[2026-07-07 02:25:41.393] [INF] [RobotCtrl] Jog planned successfully to axis 4: 25
[2026-07-07 02:25:57.593] [DBG] [ClientState] Jog context updated: Frame=1, Tool=0, Base=0
[2026-07-07 02:26:06.878] [DBG] [ClientState] Jog context updated: Frame=0, Tool=0, Base=0
[2026-07-07 02:26:10.396] [DBG] [RobotCtrl] Jog cmd: frame=0, axis=0, inc=5, toolId=0, baseId=0
[2026-07-07 02:26:10.396] [INF] [MotionManager] Reset requested.
[2026-07-07 02:26:10.409] [INF] [MotionManager] RT Loop reset complete.
[2026-07-07 02:26:10.424] [INF] [Interpolator] Created MotionSegment of type 1 with 59 points. Duration: 0.236 s
[2026-07-07 02:26:10.424] [INF] [RobotCtrl] Jog planned successfully to axis 0: 5
[2026-07-07 02:26:11.878] [DBG] [RobotCtrl] Jog cmd: frame=0, axis=0, inc=-5, toolId=0, baseId=0
[2026-07-07 02:26:11.878] [INF] [MotionManager] Reset requested.
[2026-07-07 02:26:11.880] [INF] [MotionManager] RT Loop reset complete.
[2026-07-07 02:26:11.894] [INF] [Interpolator] Created MotionSegment of type 1 with 59 points. Duration: 0.236 s
[2026-07-07 02:26:11.894] [INF] [RobotCtrl] Jog planned successfully to axis 0: 0
[2026-07-07 02:26:12.487] [DBG] [RobotCtrl] Jog cmd: frame=0, axis=0, inc=-5, toolId=0, baseId=0
[2026-07-07 02:26:12.487] [INF] [MotionManager] Reset requested.
[2026-07-07 02:26:12.489] [INF] [MotionManager] RT Loop reset complete.
[2026-07-07 02:26:12.503] [INF] [Interpolator] Created MotionSegment of type 1 with 59 points. Duration: 0.236 s
[2026-07-07 02:26:12.503] [INF] [RobotCtrl] Jog planned successfully to axis 0: -5
[2026-07-07 02:26:13.112] [DBG] [RobotCtrl] Jog cmd: frame=0, axis=0, inc=-5, toolId=0, baseId=0
[2026-07-07 02:26:13.112] [INF] [MotionManager] Reset requested.
[2026-07-07 02:26:13.113] [INF] [MotionManager] RT Loop reset complete.
[2026-07-07 02:26:13.129] [INF] [Interpolator] Created MotionSegment of type 1 with 59 points. Duration: 0.236 s
[2026-07-07 02:26:13.129] [INF] [RobotCtrl] Jog planned successfully to axis 0: -10
[2026-07-07 02:26:13.816] [DBG] [RobotCtrl] Jog cmd: frame=0, axis=0, inc=-5, toolId=0, baseId=0
[2026-07-07 02:26:13.816] [INF] [MotionManager] Reset requested.
[2026-07-07 02:26:13.833] [INF] [MotionManager] RT Loop reset complete.
[2026-07-07 02:26:13.846] [INF] [Interpolator] Created MotionSegment of type 1 with 59 points. Duration: 0.236 s
[2026-07-07 02:26:13.846] [INF] [RobotCtrl] Jog planned successfully to axis 0: -15
[2026-07-07 02:26:14.552] [DBG] [RobotCtrl] Jog cmd: frame=0, axis=0, inc=-5, toolId=0, baseId=0
[2026-07-07 02:26:14.552] [INF] [MotionManager] Reset requested.
[2026-07-07 02:26:14.569] [INF] [MotionManager] RT Loop reset complete.
[2026-07-07 02:26:14.582] [INF] [Interpolator] Created MotionSegment of type 1 with 59 points. Duration: 0.236 s
[2026-07-07 02:26:14.582] [INF] [RobotCtrl] Jog planned successfully to axis 0: -20
[2026-07-07 02:26:16.829] [INF] [ClientState] Queued Program update with ReqID 3
[2026-07-07 02:26:16.848] [INF] [RobotCtrl] New program version received. Generating trajectory preview...
[2026-07-07 02:26:16.848] [INF] [Interpolator] Created MotionSegment of type 1 with 23 points. Duration: 0.373 s
[2026-07-07 02:26:16.849] [INF] [Interpolator] Created MotionSegment of type 1 with 23 points. Duration: 0.373 s
[2026-07-07 02:26:16.879] [INF] [ClientState] Synced to new program version 4
[2026-07-07 02:26:16.879] [INF] [ClientState] Synced to new trajectory version 4
[2026-07-07 02:26:16.879] [INF] [ClientState] Cleared Program buffer after confirmation ID 3
[2026-07-07 02:27:46.780] [WRN] [MotionManager] RT cycle overran its schedule by 17 ms; schedule resynced (missed cycles are dropped, not burst).
[2026-07-07 02:29:19.557] [WRN] [MotionManager] RT cycle overran its schedule by 16 ms; schedule resynced (missed cycles are dropped, not burst).
[2026-07-07 02:30:23.231] [WRN] [MotionManager] RT cycle overran its schedule by 18 ms; schedule resynced (missed cycles are dropped, not burst).
[2026-07-07 02:37:40.062] [INF] [ClientState] Queued FileOperation with ReqID 1
[2026-07-07 02:37:40.064] [INF] [RdtServer] Executing FileOp ReqID
[2026-07-07 02:37:40.129] [INF] [ClientState] Received and cleared FileOp response for ID 1
[2026-07-07 02:37:42.415] [INF] [ClientState] Queued FileOperation with ReqID 2
[2026-07-07 02:37:42.423] [INF] [RdtServer] Executing FileOp ReqID
[2026-07-07 02:37:42.425] [INF] [FileManager] Program 'motion_types_demo.json' loaded successfully (format v2).
[2026-07-07 02:37:42.427] [INF] [ClientState] Received and cleared FileOp response for ID 2
[2026-07-07 02:37:42.447] [INF] [ClientState] Queued Program update with ReqID 4
[2026-07-07 02:37:42.473] [INF] [RobotCtrl] New program version received. Generating trajectory preview...
[2026-07-07 02:37:42.473] [INF] [Interpolator] Created MotionSegment of type 1 with 28 points. Duration: 0.457 s
[2026-07-07 02:37:42.473] [INF] [Interpolator] Created MotionSegment of type 1 with 25 points. Duration: 0.409 s
[2026-07-07 02:37:42.473] [INF] [Interpolator] Created MotionSegment of type 1 with 27 points. Duration: 0.445 s
[2026-07-07 02:37:42.473] [INF] [Interpolator] Created MotionSegment of type 1 with 30 points. Duration: 0.495 s
[2026-07-07 02:37:42.473] [INF] [Interpolator] Created MotionSegment of type 1 with 35 points. Duration: 0.569 s
[2026-07-07 02:37:42.473] [INF] [Interpolator] Created MotionSegment of type 1 with 42 points. Duration: 0.690 s
[2026-07-07 02:37:42.475] [INF] [Interpolator] Created MotionSegment of type 3 with 119 points. Duration: 1.968 s
[2026-07-07 02:37:42.476] [INF] [Interpolator] Created MotionSegment of type 3 with 40 points. Duration: 0.664 s
[2026-07-07 02:37:42.476] [INF] [Interpolator] Created MotionSegment of type 3 with 40 points. Duration: 0.664 s
[2026-07-07 02:37:42.476] [INF] [Interpolator] Created MotionSegment of type 3 with 40 points. Duration: 0.664 s
[2026-07-07 02:37:42.476] [INF] [Interpolator] Created MotionSegment of type 3 with 40 points. Duration: 0.664 s
[2026-07-07 02:37:42.477] [INF] [Interpolator] Created MotionSegment of type 3 with 40 points. Duration: 0.664 s
[2026-07-07 02:37:42.477] [INF] [Interpolator] Created MotionSegment of type 3 with 19 points. Duration: 0.316 s
[2026-07-07 02:37:42.477] [INF] [Interpolator] Created MotionSegment of type 5 with 65 points. Duration: 1.071 s
[2026-07-07 02:37:42.477] [INF] [Interpolator] Created MotionSegment of type 3 with 19 points. Duration: 0.316 s
[2026-07-07 02:37:42.478] [INF] [Interpolator] Created SPLINE MotionSegment: 5 authored point(s), 188 rendered points, duration 3.121 s.
[2026-07-07 02:37:42.538] [INF] [ClientState] Synced to new program version 5
[2026-07-07 02:37:42.538] [INF] [ClientState] Synced to new trajectory version 5
[2026-07-07 02:37:42.538] [INF] [ClientState] Cleared Program buffer after confirmation ID 4
[2026-07-07 02:42:22.332] [WRN] [MotionManager] RT cycle overran its schedule by 24 ms; schedule resynced (missed cycles are dropped, not burst).
[2026-07-07 02:42:30.170] [WRN] [MotionManager] RT cycle overran its schedule by 18 ms; schedule resynced (missed cycles are dropped, not burst).
[2026-07-07 02:42:39.360] [WRN] [MotionManager] RT cycle overran its schedule by 21 ms; schedule resynced (missed cycles are dropped, not burst).
[2026-07-07 02:45:28.338] [INF] [RdtServer] Client disconnected: 1
[2026-07-07 02:45:28.338] [INF] [RdtClient] Disconnected from RDT Server.
[2026-07-07 02:45:28.350] [INF] [LoopbackNetwork] Loopback server stopped; 0 client(s) disconnected.
[2026-07-07 02:45:28.350] [INF] [HexaCore] Controller runtime stopped.
[2026-07-07 02:45:28.350] [INF] [HexaStudioDesktop] Shutdown complete.
[2026-07-07 02:45:28.746] [INF] [MotionManager] Stopping RT Loop...
[2026-07-07 02:45:28.753] [INF] [MotionManager] RT thread finishing.
[2026-07-07 02:45:28.754] [INF] [MotionManager] RT Loop stopped and thread joined.
[2026-07-07 02:47:13.363] [INF] [HexaStudioDesktop] --- Application Starting --- Version: 0.1.5
[2026-07-07 02:47:13.364] [DBG] [RobotState] RobotState instance created with default state.
[2026-07-07 02:47:13.364] [INF] [HexaCore] Using config file: D:\2.Github\HexaKinetica\HexaMotion\configs\hexacore_config.json
[2026-07-07 02:47:13.364] [INF] [Persistence] Configuration loaded successfully from 'D:\2.Github\HexaKinetica\HexaMotion\configs\hexacore_config.json' (format v1).
[2026-07-07 02:47:13.364] [INF] [RobotState] Applied persisted configuration to RobotState. New config version is 2.
[2026-07-07 02:47:13.364] [INF] [HexaCore] Using runtime config file: D:\2.Github\HexaKinetica\HexaMotion\configs\hexacore_runtime_config.json
[2026-07-07 02:47:13.374] [INF] [KinematicModel] KinematicModel created successfully from URDF (base_link -> flange), 6 DoF.
[2026-07-07 02:47:13.374] [WRN] [KinematicModel] URDF loaded, but not all joint limits were available.
[2026-07-07 02:47:13.374] [INF] [HexaCore] Kinematic model loaded from URDF: D:/2.Github/HexaKinetica/HexaMotion-SDK/robots/HexaArmMedium_Light_GLB/urdf/HexaArmMedium_Light.SLDASM.urdf
[2026-07-07 02:47:13.374] [WRN] [HexaCore] URDF loaded but limits were not fully available. Using state/default limits.
[2026-07-07 02:47:13.374] [INF] [KdlSolver] KDL Solvers initialized successfully.
[2026-07-07 02:47:13.374] [INF] [HexaCore] Realtime backend: INTERNAL SIMULATION (SimDriver). Set 'realtime_interface' to "udp" or "mks_tcp" in the runtime config to use a real backend.
[2026-07-07 02:47:13.374] [INF] [HexaCore] RDT listen: in-process loopback:30002
[2026-07-07 02:47:13.374] [INF] [HexaCore] Programs directory: D:\2.Github\HexaKinetica\HexaMotion\programs
[2026-07-07 02:47:13.374] [INF] [HexaCore] Resolved URDF path: D:/2.Github/HexaKinetica/HexaMotion-SDK/robots/HexaArmMedium_Light_GLB/urdf/HexaArmMedium_Light.SLDASM.urdf
[2026-07-07 02:47:13.374] [INF] [HexaCore] Startup mode: INTERNAL SIMULATION
[2026-07-07 02:47:13.374] [INF] [MotionManager] MotionManager created. Cycle: 4ms, Following Error Threshold: 5.00 deg.
[2026-07-07 02:47:13.374] [INF] [RobotCtrl] Initializing RobotController...
[2026-07-07 02:47:13.374] [INF] [HardwareManager] Initializing Realtime driver (background)...
[2026-07-07 02:47:13.374] [INF] [HardwareManager] Real driver re-initialized successfully.
[2026-07-07 02:47:13.374] [INF] [HardwareManager] Real driver ready. Initial position acquired.
[2026-07-07 02:47:13.374] [INF] [HardwareManager] Started in Simulation mode.
[2026-07-07 02:47:13.374] [INF] [MotionManager] Starting RT Loop...
[2026-07-07 02:47:13.374] [INF] [RobotCtrl] RobotController initialized successfully.
[2026-07-07 02:47:13.374] [INF] [LoopbackNetwork] Loopback server listening (in-process, port tag 30002).
[2026-07-07 02:47:13.374] [INF] [HexaCore] Controller stack assembled. Listening on port 30002 for HMI connections.
[2026-07-07 02:47:13.374] [INF] [HexaCore] Controller NRT loop started (internal thread).
[2026-07-07 02:47:13.374] [DBG] [ClientState] ClientState instance created.
[2026-07-07 02:47:13.374] [INF] [MotionManager] RT thread started.
[2026-07-07 02:47:14.154] [DBG] [ClientState] Jog context updated: Frame=0, Tool=0, Base=0
[2026-07-07 02:47:14.154] [DBG] [ClientState] Jog context updated: Frame=0, Tool=0, Base=0
[2026-07-07 02:47:14.158] [INF] [ClientState] Sync state reset (ACK versions set to 0) to force full resync
[2026-07-07 02:47:14.158] [INF] [LoopbackNetwork] Loopback client connected (handle 1).
[2026-07-07 02:47:14.158] [INF] [RdtServer] Client connected: 1 (loopback)
[2026-07-07 02:47:14.158] [INF] [ClientState] Sync state reset (ACK versions set to 0) to force full resync
[2026-07-07 02:47:14.158] [INF] [RdtClient] Connected to RDT Server.
[2026-07-07 02:47:14.255] [INF] [ClientState] Initial sync complete. Adopted server mode: SIM
[2026-07-07 02:47:14.255] [INF] [ClientState] Synced to new config version 3
[2026-07-07 02:47:14.255] [INF] [ClientState] Synced to new program version 1
[2026-07-07 02:47:14.255] [INF] [ClientState] Synced to new trajectory version 1
[2026-07-07 02:47:14.445] [DBG] [ClientState] Jog context updated: Frame=0, Tool=0, Base=0
[2026-07-07 02:47:14.445] [DBG] [ClientState] Jog context updated: Frame=0, Tool=0, Base=0
[2026-07-07 02:47:14.458] [INF] [KinematicModel] KinematicModel created successfully from URDF (base_link -> flange), 6 DoF.
[2026-07-07 02:47:14.458] [WRN] [KinematicModel] URDF loaded, but not all joint limits were available.
[2026-07-07 02:47:23.049] [INF] [HardwareManager] Mode set to REAL.
[2026-07-07 02:47:23.049] [INF] [RobotState] Simulation mode updated: REAL
[2026-07-07 02:47:23.049] [INF] [RobotCtrl] Mode switched to REAL
[2026-07-07 02:47:23.049] [INF] [MotionManager] Reset requested.
[2026-07-07 02:47:23.065] [INF] [MotionManager] RT Loop reset complete.
[2026-07-07 02:47:23.081] [INF] [RobotCtrl] State synchronized after mode switch.
[2026-07-07 02:47:28.942] [DBG] [RobotCtrl] Jog cmd: frame=0, axis=0, inc=10, toolId=0, baseId=0
[2026-07-07 02:47:28.942] [INF] [MotionManager] Reset requested.
[2026-07-07 02:47:28.956] [INF] [MotionManager] RT Loop reset complete.
[2026-07-07 02:47:28.973] [INF] [Interpolator] Created MotionSegment of type 1 with 84 points. Duration: 0.333 s
[2026-07-07 02:47:28.973] [INF] [RobotCtrl] Jog planned successfully to axis 0: 10
[2026-07-07 02:47:30.379] [DBG] [RobotCtrl] Jog cmd: frame=0, axis=0, inc=-10, toolId=0, baseId=0
[2026-07-07 02:47:30.379] [INF] [MotionManager] Reset requested.
[2026-07-07 02:47:30.393] [INF] [MotionManager] RT Loop reset complete.
[2026-07-07 02:47:30.409] [INF] [Interpolator] Created MotionSegment of type 1 with 84 points. Duration: 0.333 s
[2026-07-07 02:47:30.409] [INF] [RobotCtrl] Jog planned successfully to axis 0: 0
[2026-07-07 02:47:31.487] [DBG] [RobotCtrl] Jog cmd: frame=0, axis=1, inc=-10, toolId=0, baseId=0
[2026-07-07 02:47:31.487] [INF] [MotionManager] Reset requested.
[2026-07-07 02:47:31.488] [INF] [MotionManager] RT Loop reset complete.
[2026-07-07 02:47:31.502] [INF] [Interpolator] Created MotionSegment of type 1 with 84 points. Duration: 0.333 s
[2026-07-07 02:47:31.502] [INF] [RobotCtrl] Jog planned successfully to axis 1: -10
[2026-07-07 02:47:32.802] [DBG] [RobotCtrl] Jog cmd: frame=0, axis=1, inc=10, toolId=0, baseId=0
[2026-07-07 02:47:32.802] [INF] [MotionManager] Reset requested.
[2026-07-07 02:47:32.815] [INF] [MotionManager] RT Loop reset complete.
[2026-07-07 02:47:32.832] [INF] [Interpolator] Created MotionSegment of type 1 with 84 points. Duration: 0.333 s
[2026-07-07 02:47:32.832] [INF] [RobotCtrl] Jog planned successfully to axis 1: 0
[2026-07-07 02:47:34.960] [INF] [ClientState] Queued FileOperation with ReqID 1
[2026-07-07 02:47:34.977] [INF] [RdtServer] Executing FileOp ReqID
[2026-07-07 02:47:35.037] [INF] [ClientState] Received and cleared FileOp response for ID 1
[2026-07-07 02:47:36.979] [INF] [ClientState] Queued FileOperation with ReqID 2
[2026-07-07 02:47:36.997] [INF] [RdtServer] Executing FileOp ReqID
[2026-07-07 02:47:36.997] [INF] [FileManager] Program 'motion_types_demo.json' loaded successfully (format v2).
[2026-07-07 02:47:37.005] [INF] [ClientState] Received and cleared FileOp response for ID 2
[2026-07-07 02:47:37.017] [INF] [ClientState] Queued Program update with ReqID 1
[2026-07-07 02:47:37.051] [INF] [RobotCtrl] New program version received. Generating trajectory preview...
[2026-07-07 02:47:37.051] [INF] [Interpolator] Created MotionSegment of type 1 with 28 points. Duration: 0.457 s
[2026-07-07 02:47:37.051] [INF] [Interpolator] Created MotionSegment of type 1 with 25 points. Duration: 0.409 s
[2026-07-07 02:47:37.051] [INF] [Interpolator] Created MotionSegment of type 1 with 27 points. Duration: 0.445 s
[2026-07-07 02:47:37.051] [INF] [Interpolator] Created MotionSegment of type 1 with 30 points. Duration: 0.495 s
[2026-07-07 02:47:37.051] [INF] [Interpolator] Created MotionSegment of type 1 with 35 points. Duration: 0.569 s
[2026-07-07 02:47:37.051] [INF] [Interpolator] Created MotionSegment of type 1 with 42 points. Duration: 0.690 s
[2026-07-07 02:47:37.052] [INF] [Interpolator] Created MotionSegment of type 3 with 119 points. Duration: 1.968 s
[2026-07-07 02:47:37.053] [INF] [Interpolator] Created MotionSegment of type 3 with 40 points. Duration: 0.664 s
[2026-07-07 02:47:37.053] [INF] [Interpolator] Created MotionSegment of type 3 with 40 points. Duration: 0.664 s
[2026-07-07 02:47:37.053] [INF] [Interpolator] Created MotionSegment of type 3 with 40 points. Duration: 0.664 s
[2026-07-07 02:47:37.053] [INF] [Interpolator] Created MotionSegment of type 3 with 40 points. Duration: 0.664 s
[2026-07-07 02:47:37.054] [INF] [Interpolator] Created MotionSegment of type 3 with 40 points. Duration: 0.664 s
[2026-07-07 02:47:37.054] [INF] [Interpolator] Created MotionSegment of type 3 with 19 points. Duration: 0.316 s
[2026-07-07 02:47:37.054] [INF] [Interpolator] Created MotionSegment of type 5 with 65 points. Duration: 1.071 s
[2026-07-07 02:47:37.054] [INF] [Interpolator] Created MotionSegment of type 3 with 19 points. Duration: 0.316 s
[2026-07-07 02:47:37.056] [INF] [Interpolator] Created SPLINE MotionSegment: 5 authored point(s), 188 rendered points, duration 3.121 s.
[2026-07-07 02:47:37.117] [INF] [ClientState] Synced to new program version 2
[2026-07-07 02:47:37.117] [INF] [ClientState] Synced to new trajectory version 2
[2026-07-07 02:47:37.117] [INF] [ClientState] Cleared Program buffer after confirmation ID 1
[2026-07-07 02:47:40.958] [INF] [HardwareManager] Mode set to SIMULATION.
[2026-07-07 02:47:40.958] [INF] [RobotState] Simulation mode updated: SIMULATED
[2026-07-07 02:47:40.958] [INF] [RobotCtrl] Mode switched to SIM
[2026-07-07 02:47:40.958] [INF] [MotionManager] Reset requested.
[2026-07-07 02:47:40.959] [INF] [MotionManager] RT Loop reset complete.
[2026-07-07 02:47:40.971] [INF] [RobotCtrl] State synchronized after mode switch.
[2026-07-07 02:47:42.025] [INF] [ClientState] Queued Program update with ReqID 2
[2026-07-07 02:47:42.037] [INF] [RobotCtrl] Starting program: SyncedProgram
[2026-07-07 02:47:42.037] [INF] [RobotCtrl] New program version received. Generating trajectory preview...
[2026-07-07 02:47:42.037] [INF] [Interpolator] Created MotionSegment of type 1 with 28 points. Duration: 0.457 s
[2026-07-07 02:47:42.037] [INF] [Interpolator] Created MotionSegment of type 1 with 25 points. Duration: 0.409 s
[2026-07-07 02:47:42.037] [INF] [Interpolator] Created MotionSegment of type 1 with 27 points. Duration: 0.445 s
[2026-07-07 02:47:42.037] [INF] [Interpolator] Created MotionSegment of type 1 with 30 points. Duration: 0.495 s
[2026-07-07 02:47:42.037] [INF] [Interpolator] Created MotionSegment of type 1 with 35 points. Duration: 0.569 s
[2026-07-07 02:47:42.037] [INF] [Interpolator] Created MotionSegment of type 1 with 42 points. Duration: 0.690 s
[2026-07-07 02:47:42.039] [INF] [Interpolator] Created MotionSegment of type 3 with 119 points. Duration: 1.968 s
[2026-07-07 02:47:42.039] [INF] [Interpolator] Created MotionSegment of type 3 with 40 points. Duration: 0.664 s
[2026-07-07 02:47:42.040] [INF] [Interpolator] Created MotionSegment of type 3 with 40 points. Duration: 0.664 s
[2026-07-07 02:47:42.040] [INF] [Interpolator] Created MotionSegment of type 3 with 40 points. Duration: 0.664 s
[2026-07-07 02:47:42.041] [INF] [Interpolator] Created MotionSegment of type 3 with 40 points. Duration: 0.664 s
[2026-07-07 02:47:42.041] [INF] [Interpolator] Created MotionSegment of type 3 with 40 points. Duration: 0.664 s
[2026-07-07 02:47:42.041] [INF] [Interpolator] Created MotionSegment of type 3 with 19 points. Duration: 0.316 s
[2026-07-07 02:47:42.042] [INF] [Interpolator] Created MotionSegment of type 5 with 65 points. Duration: 1.071 s
[2026-07-07 02:47:42.042] [INF] [Interpolator] Created MotionSegment of type 3 with 19 points. Duration: 0.316 s
[2026-07-07 02:47:42.045] [INF] [Interpolator] Created SPLINE MotionSegment: 5 authored point(s), 188 rendered points, duration 3.121 s.
[2026-07-07 02:47:42.045] [INF] [Interpolator] Created MotionSegment of type 1 with 115 points. Duration: 0.457 s
[2026-07-07 02:47:42.045] [INF] [Interpolator] Created MotionSegment of type 1 with 103 points. Duration: 0.409 s
[2026-07-07 02:47:42.045] [INF] [Interpolator] Created MotionSegment of type 1 with 112 points. Duration: 0.445 s
[2026-07-07 02:47:42.045] [INF] [Interpolator] Created MotionSegment of type 1 with 124 points. Duration: 0.495 s
[2026-07-07 02:47:42.046] [INF] [Interpolator] Created MotionSegment of type 1 with 143 points. Duration: 0.569 s
[2026-07-07 02:47:42.046] [INF] [Interpolator] Created MotionSegment of type 1 with 173 points. Duration: 0.690 s
[2026-07-07 02:47:42.046] [INF] [TrajPlanner] planMotionChain: fused 6 waypoint(s) into 765 continuous points.
[2026-07-07 02:47:42.056] [INF] [ClientState] Synced to new program version 3
[2026-07-07 02:47:42.056] [INF] [ClientState] Synced to new trajectory version 3
[2026-07-07 02:47:42.056] [INF] [ClientState] Cleared Program buffer after confirmation ID 2
[2026-07-07 02:47:45.100] [INF] [RobotCtrl] Waiting 0.7 s (step 8)...
[2026-07-07 02:47:45.804] [INF] [Interpolator] Created MotionSegment of type 3 with 492 points. Duration: 1.968 s
[2026-07-07 02:47:45.805] [INF] [Interpolator] Created MotionSegment of type 3 with 167 points. Duration: 0.664 s
[2026-07-07 02:47:45.806] [INF] [Interpolator] Created MotionSegment of type 3 with 167 points. Duration: 0.664 s
[2026-07-07 02:47:45.807] [INF] [Interpolator] Created MotionSegment of type 3 with 167 points. Duration: 0.664 s
[2026-07-07 02:47:45.807] [INF] [Interpolator] Created MotionSegment of type 3 with 167 points. Duration: 0.664 s
[2026-07-07 02:47:45.808] [INF] [Interpolator] Created MotionSegment of type 3 with 167 points. Duration: 0.664 s
[2026-07-07 02:47:45.809] [INF] [TrajPlanner] planMotionChain: fused 6 waypoint(s) into 1322 continuous points.
[2026-07-07 02:47:51.114] [INF] [RobotCtrl] Waiting 0.7 s (step 16)...
[2026-07-07 02:47:51.816] [INF] [Interpolator] Created MotionSegment of type 3 with 80 points. Duration: 0.316 s
[2026-07-07 02:47:51.818] [INF] [Interpolator] Created MotionSegment of type 5 with 268 points. Duration: 1.071 s
[2026-07-07 02:47:51.818] [INF] [TrajPlanner] planMotionChain: fused 2 waypoint(s) into 347 continuous points.
[2026-07-07 02:47:53.208] [INF] [RobotCtrl] Waiting 0.7 s (step 20)...
[2026-07-07 02:47:53.911] [INF] [Interpolator] Created MotionSegment of type 3 with 80 points. Duration: 0.316 s
[2026-07-07 02:47:53.915] [INF] [Interpolator] Created SPLINE MotionSegment: 5 authored point(s), 781 rendered points, duration 3.121 s.
[2026-07-07 02:47:53.915] [INF] [TrajPlanner] planMotionChain: fused 6 waypoint(s) into 860 continuous points.
[2026-07-07 02:47:57.364] [INF] [RobotCtrl] Waiting 0.7 s (step 28)...
[2026-07-07 02:47:58.067] [INF] [RobotCtrl] Program finished successfully.
[2026-07-07 02:47:58.067] [WRN] [TrajPlanner] Trajectory override requested. Clearing all buffers.
[2026-07-07 02:47:58.067] [INF] [MotionManager] Reset requested.
[2026-07-07 02:47:58.084] [INF] [MotionManager] RT Loop reset complete.
[2026-07-07 02:47:58.097] [INF] [Interpolator] Created MotionSegment of type 1 with 1 points. Duration: 0.000 s
[2026-07-07 02:47:58.097] [INF] [RobotCtrl] Program stopped.
[2026-07-07 02:48:02.222] [INF] [HardwareManager] Mode set to REAL.
[2026-07-07 02:48:02.222] [INF] [RobotState] Simulation mode updated: REAL
[2026-07-07 02:48:02.222] [INF] [RobotCtrl] Mode switched to REAL
[2026-07-07 02:48:02.222] [INF] [MotionManager] Reset requested.
[2026-07-07 02:48:02.240] [INF] [MotionManager] RT Loop reset complete.
[2026-07-07 02:48:02.253] [INF] [RobotCtrl] State synchronized after mode switch.
[2026-07-07 02:48:03.489] [INF] [ClientState] Queued Program update with ReqID 3
[2026-07-07 02:48:03.503] [INF] [RobotCtrl] Starting program: SyncedProgram
[2026-07-07 02:48:03.503] [INF] [RobotCtrl] New program version received. Generating trajectory preview...
[2026-07-07 02:48:03.503] [INF] [Interpolator] Created MotionSegment of type 1 with 42 points. Duration: 0.685 s
[2026-07-07 02:48:03.503] [INF] [Interpolator] Created MotionSegment of type 1 with 25 points. Duration: 0.409 s
[2026-07-07 02:48:03.503] [INF] [Interpolator] Created MotionSegment of type 1 with 27 points. Duration: 0.445 s
[2026-07-07 02:48:03.503] [INF] [Interpolator] Created MotionSegment of type 1 with 30 points. Duration: 0.495 s
[2026-07-07 02:48:03.503] [INF] [Interpolator] Created MotionSegment of type 1 with 35 points. Duration: 0.569 s
[2026-07-07 02:48:03.503] [INF] [Interpolator] Created MotionSegment of type 1 with 42 points. Duration: 0.690 s
[2026-07-07 02:48:03.504] [INF] [Interpolator] Created MotionSegment of type 3 with 119 points. Duration: 1.968 s
[2026-07-07 02:48:03.504] [INF] [Interpolator] Created MotionSegment of type 3 with 40 points. Duration: 0.664 s
[2026-07-07 02:48:03.505] [INF] [Interpolator] Created MotionSegment of type 3 with 40 points. Duration: 0.664 s
[2026-07-07 02:48:03.505] [INF] [Interpolator] Created MotionSegment of type 3 with 40 points. Duration: 0.664 s
[2026-07-07 02:48:03.506] [INF] [Interpolator] Created MotionSegment of type 3 with 40 points. Duration: 0.664 s
[2026-07-07 02:48:03.506] [INF] [Interpolator] Created MotionSegment of type 3 with 40 points. Duration: 0.664 s
[2026-07-07 02:48:03.506] [INF] [Interpolator] Created MotionSegment of type 3 with 19 points. Duration: 0.316 s
[2026-07-07 02:48:03.507] [INF] [Interpolator] Created MotionSegment of type 5 with 65 points. Duration: 1.071 s
[2026-07-07 02:48:03.507] [INF] [Interpolator] Created MotionSegment of type 3 with 19 points. Duration: 0.316 s
[2026-07-07 02:48:03.508] [INF] [Interpolator] Created SPLINE MotionSegment: 5 authored point(s), 188 rendered points, duration 3.121 s.
[2026-07-07 02:48:03.508] [INF] [Interpolator] Created MotionSegment of type 1 with 172 points. Duration: 0.685 s
[2026-07-07 02:48:03.508] [INF] [Interpolator] Created MotionSegment of type 1 with 103 points. Duration: 0.409 s
[2026-07-07 02:48:03.508] [INF] [Interpolator] Created MotionSegment of type 1 with 112 points. Duration: 0.445 s
[2026-07-07 02:48:03.508] [INF] [Interpolator] Created MotionSegment of type 1 with 124 points. Duration: 0.495 s
[2026-07-07 02:48:03.508] [INF] [Interpolator] Created MotionSegment of type 1 with 143 points. Duration: 0.569 s
[2026-07-07 02:48:03.509] [INF] [Interpolator] Created MotionSegment of type 1 with 173 points. Duration: 0.690 s
[2026-07-07 02:48:03.509] [INF] [TrajPlanner] planMotionChain: fused 6 waypoint(s) into 822 continuous points.
[2026-07-07 02:48:03.586] [INF] [ClientState] Synced to new program version 4
[2026-07-07 02:48:03.586] [INF] [ClientState] Synced to new trajectory version 4
[2026-07-07 02:48:03.586] [INF] [ClientState] Cleared Program buffer after confirmation ID 3
[2026-07-07 02:48:03.769] [CRT] [MotionManager] Following Error on Axis 2! Error: 5.15 deg, Limit: 5.00 deg. Entering ERROR state.
[2026-07-07 02:48:03.784] [ERR] [RobotCtrl] Safety Error Detected! Code: 12
[2026-07-07 02:48:03.784] [WRN] [TrajPlanner] Trajectory override requested. Clearing all buffers.
[2026-07-07 02:48:03.784] [INF] [MotionManager] Reset requested.
[2026-07-07 02:48:03.785] [INF] [MotionManager] RT Loop reset complete.
[2026-07-07 02:48:03.800] [INF] [Interpolator] Created MotionSegment of type 1 with 1 points. Duration: 0.000 s
[2026-07-07 02:48:03.800] [INF] [RobotCtrl] Program stopped.
[2026-07-07 02:48:05.274] [INF] [ClientState] Queued Program update with ReqID 4
[2026-07-07 02:48:05.333] [INF] [ClientState] Synced to new program version 5
[2026-07-07 02:48:05.333] [INF] [ClientState] Cleared Program buffer after confirmation ID 4
[2026-07-07 02:48:09.583] [INF] [RobotCtrl] Clear Error Request.
[2026-07-07 02:48:09.583] [INF] [MotionManager] Reset requested.
[2026-07-07 02:48:09.597] [INF] [MotionManager] RT Loop reset complete.
[2026-07-07 02:48:09.613] [INF] [HardwareManager] Forwarding clear-drive-errors request. axis_id=-1
[2026-07-07 02:48:09.613] [INF] [RobotCtrl] Starting program: SyncedProgram
[2026-07-07 02:48:09.613] [INF] [RobotCtrl] New program version received. Generating trajectory preview...
[2026-07-07 02:48:09.613] [INF] [Interpolator] Created MotionSegment of type 1 with 34 points. Duration: 0.557 s
[2026-07-07 02:48:09.613] [INF] [Interpolator] Created MotionSegment of type 1 with 25 points. Duration: 0.409 s
[2026-07-07 02:48:09.613] [INF] [Interpolator] Created MotionSegment of type 1 with 27 points. Duration: 0.445 s
[2026-07-07 02:48:09.613] [INF] [Interpolator] Created MotionSegment of type 1 with 30 points. Duration: 0.495 s
[2026-07-07 02:48:09.613] [INF] [Interpolator] Created MotionSegment of type 1 with 35 points. Duration: 0.569 s
[2026-07-07 02:48:09.613] [INF] [Interpolator] Created MotionSegment of type 1 with 42 points. Duration: 0.690 s
[2026-07-07 02:48:09.615] [INF] [Interpolator] Created MotionSegment of type 3 with 119 points. Duration: 1.968 s
[2026-07-07 02:48:09.615] [INF] [Interpolator] Created MotionSegment of type 3 with 40 points. Duration: 0.664 s
[2026-07-07 02:48:09.616] [INF] [Interpolator] Created MotionSegment of type 3 with 40 points. Duration: 0.664 s
[2026-07-07 02:48:09.616] [INF] [Interpolator] Created MotionSegment of type 3 with 40 points. Duration: 0.664 s
[2026-07-07 02:48:09.616] [INF] [Interpolator] Created MotionSegment of type 3 with 40 points. Duration: 0.664 s
[2026-07-07 02:48:09.617] [INF] [Interpolator] Created MotionSegment of type 3 with 40 points. Duration: 0.664 s
[2026-07-07 02:48:09.617] [INF] [Interpolator] Created MotionSegment of type 3 with 19 points. Duration: 0.316 s
[2026-07-07 02:48:09.617] [INF] [Interpolator] Created MotionSegment of type 5 with 65 points. Duration: 1.071 s
[2026-07-07 02:48:09.617] [INF] [Interpolator] Created MotionSegment of type 3 with 19 points. Duration: 0.316 s
[2026-07-07 02:48:09.619] [INF] [Interpolator] Created SPLINE MotionSegment: 5 authored point(s), 188 rendered points, duration 3.121 s.
[2026-07-07 02:48:09.619] [INF] [Interpolator] Created MotionSegment of type 1 with 140 points. Duration: 0.557 s
[2026-07-07 02:48:09.619] [INF] [Interpolator] Created MotionSegment of type 1 with 103 points. Duration: 0.409 s
[2026-07-07 02:48:09.619] [INF] [Interpolator] Created MotionSegment of type 1 with 112 points. Duration: 0.445 s
[2026-07-07 02:48:09.619] [INF] [Interpolator] Created MotionSegment of type 1 with 124 points. Duration: 0.495 s
[2026-07-07 02:48:09.619] [INF] [Interpolator] Created MotionSegment of type 1 with 143 points. Duration: 0.569 s
[2026-07-07 02:48:09.620] [INF] [Interpolator] Created MotionSegment of type 1 with 173 points. Duration: 0.690 s
[2026-07-07 02:48:09.620] [INF] [TrajPlanner] planMotionChain: fused 6 waypoint(s) into 790 continuous points.
[2026-07-07 02:48:09.624] [INF] [ClientState] Synced to new trajectory version 5
[2026-07-07 02:48:09.878] [CRT] [MotionManager] Following Error on Axis 2! Error: 5.45 deg, Limit: 5.00 deg. Entering ERROR state.
[2026-07-07 02:48:09.896] [ERR] [RobotCtrl] Safety Error Detected! Code: 12
[2026-07-07 02:48:09.896] [WRN] [TrajPlanner] Trajectory override requested. Clearing all buffers.
[2026-07-07 02:48:09.896] [INF] [MotionManager] Reset requested.
[2026-07-07 02:48:09.898] [INF] [MotionManager] RT Loop reset complete.
[2026-07-07 02:48:09.909] [INF] [Interpolator] Created MotionSegment of type 1 with 1 points. Duration: 0.000 s
[2026-07-07 02:48:09.909] [INF] [RobotCtrl] Program stopped.
[2026-07-07 02:48:13.164] [INF] [ClientState] Queued Program update with ReqID 5
[2026-07-07 02:48:13.224] [INF] [ClientState] Synced to new program version 6
[2026-07-07 02:48:13.224] [INF] [ClientState] Cleared Program buffer after confirmation ID 5
[2026-07-07 02:48:16.877] [INF] [RobotCtrl] Clear Error Request.
[2026-07-07 02:48:16.877] [INF] [MotionManager] Reset requested.
[2026-07-07 02:48:16.878] [INF] [MotionManager] RT Loop reset complete.
[2026-07-07 02:48:16.895] [INF] [HardwareManager] Forwarding clear-drive-errors request. axis_id=-1
[2026-07-07 02:48:16.895] [INF] [RobotCtrl] Starting program: SyncedProgram
[2026-07-07 02:48:16.895] [INF] [RobotCtrl] New program version received. Generating trajectory preview...
[2026-07-07 02:48:16.895] [INF] [Interpolator] Created MotionSegment of type 1 with 26 points. Duration: 0.429 s
[2026-07-07 02:48:16.895] [INF] [Interpolator] Created MotionSegment of type 1 with 25 points. Duration: 0.409 s
[2026-07-07 02:48:16.895] [INF] [Interpolator] Created MotionSegment of type 1 with 27 points. Duration: 0.445 s
[2026-07-07 02:48:16.895] [INF] [Interpolator] Created MotionSegment of type 1 with 30 points. Duration: 0.495 s
[2026-07-07 02:48:16.895] [INF] [Interpolator] Created MotionSegment of type 1 with 35 points. Duration: 0.569 s
[2026-07-07 02:48:16.895] [INF] [Interpolator] Created MotionSegment of type 1 with 42 points. Duration: 0.690 s
[2026-07-07 02:48:16.896] [INF] [Interpolator] Created MotionSegment of type 3 with 119 points. Duration: 1.968 s
[2026-07-07 02:48:16.897] [INF] [Interpolator] Created MotionSegment of type 3 with 40 points. Duration: 0.664 s
[2026-07-07 02:48:16.897] [INF] [Interpolator] Created MotionSegment of type 3 with 40 points. Duration: 0.664 s
[2026-07-07 02:48:16.897] [INF] [Interpolator] Created MotionSegment of type 3 with 40 points. Duration: 0.664 s
[2026-07-07 02:48:16.898] [INF] [Interpolator] Created MotionSegment of type 3 with 40 points. Duration: 0.664 s
[2026-07-07 02:48:16.898] [INF] [Interpolator] Created MotionSegment of type 3 with 40 points. Duration: 0.664 s
[2026-07-07 02:48:16.898] [INF] [Interpolator] Created MotionSegment of type 3 with 19 points. Duration: 0.316 s
[2026-07-07 02:48:16.899] [INF] [Interpolator] Created MotionSegment of type 5 with 65 points. Duration: 1.071 s
[2026-07-07 02:48:16.899] [INF] [Interpolator] Created MotionSegment of type 3 with 19 points. Duration: 0.316 s
[2026-07-07 02:48:16.901] [INF] [Interpolator] Created SPLINE MotionSegment: 5 authored point(s), 188 rendered points, duration 3.121 s.
[2026-07-07 02:48:16.901] [INF] [Interpolator] Created MotionSegment of type 1 with 108 points. Duration: 0.429 s
[2026-07-07 02:48:16.901] [INF] [Interpolator] Created MotionSegment of type 1 with 103 points. Duration: 0.409 s
[2026-07-07 02:48:16.901] [INF] [Interpolator] Created MotionSegment of type 1 with 112 points. Duration: 0.445 s
[2026-07-07 02:48:16.902] [INF] [Interpolator] Created MotionSegment of type 1 with 124 points. Duration: 0.495 s
[2026-07-07 02:48:16.902] [INF] [Interpolator] Created MotionSegment of type 1 with 143 points. Duration: 0.569 s
[2026-07-07 02:48:16.902] [INF] [Interpolator] Created MotionSegment of type 1 with 173 points. Duration: 0.690 s
[2026-07-07 02:48:16.902] [INF] [TrajPlanner] planMotionChain: fused 6 waypoint(s) into 758 continuous points.
[2026-07-07 02:48:16.944] [INF] [ClientState] Synced to new trajectory version 6
[2026-07-07 02:48:17.159] [CRT] [MotionManager] Following Error on Axis 2! Error: 5.06 deg, Limit: 5.00 deg. Entering ERROR state.
[2026-07-07 02:48:17.175] [ERR] [RobotCtrl] Safety Error Detected! Code: 12
[2026-07-07 02:48:17.175] [WRN] [TrajPlanner] Trajectory override requested. Clearing all buffers.
[2026-07-07 02:48:17.175] [INF] [MotionManager] Reset requested.
[2026-07-07 02:48:17.190] [INF] [MotionManager] RT Loop reset complete.
[2026-07-07 02:48:17.207] [INF] [Interpolator] Created MotionSegment of type 1 with 1 points. Duration: 0.000 s
[2026-07-07 02:48:17.207] [INF] [RobotCtrl] Program stopped.
[2026-07-07 02:48:18.926] [INF] [RobotCtrl] Clear Error Request.
[2026-07-07 02:48:18.926] [INF] [MotionManager] Reset requested.
[2026-07-07 02:48:18.940] [INF] [MotionManager] RT Loop reset complete.
[2026-07-07 02:48:18.956] [INF] [HardwareManager] Forwarding clear-drive-errors request. axis_id=-1
[2026-07-07 02:48:27.568] [INF] [ClientState] Queued Program update with ReqID 6
[2026-07-07 02:48:27.582] [INF] [RobotCtrl] Starting program: SyncedProgram
[2026-07-07 02:48:27.582] [INF] [RobotCtrl] New program version received. Generating trajectory preview...
[2026-07-07 02:48:27.582] [INF] [Interpolator] Created MotionSegment of type 1 with 26 points. Duration: 0.418 s
[2026-07-07 02:48:27.582] [INF] [Interpolator] Created MotionSegment of type 1 with 105 points. Duration: 0.418 s
[2026-07-07 02:48:27.582] [INF] [TrajPlanner] planMotionChain: fused 1 waypoint(s) into 105 continuous points.
[2026-07-07 02:48:27.663] [INF] [ClientState] Synced to new program version 7
[2026-07-07 02:48:27.663] [INF] [ClientState] Synced to new trajectory version 7
[2026-07-07 02:48:27.663] [INF] [ClientState] Cleared Program buffer after confirmation ID 6
[2026-07-07 02:48:27.863] [CRT] [MotionManager] Following Error on Axis 3! Error: 5.14 deg, Limit: 5.00 deg. Entering ERROR state.
[2026-07-07 02:48:27.879] [ERR] [RobotCtrl] Safety Error Detected! Code: 12
[2026-07-07 02:48:27.879] [WRN] [TrajPlanner] Trajectory override requested. Clearing all buffers.
[2026-07-07 02:48:27.879] [INF] [MotionManager] Reset requested.
[2026-07-07 02:48:27.894] [INF] [MotionManager] RT Loop reset complete.
[2026-07-07 02:48:27.909] [INF] [Interpolator] Created MotionSegment of type 1 with 1 points. Duration: 0.000 s
[2026-07-07 02:48:27.909] [INF] [RobotCtrl] Program stopped.
[2026-07-07 02:48:29.574] [INF] [ClientState] Queued Program update with ReqID 7
[2026-07-07 02:48:29.631] [INF] [ClientState] Synced to new program version 8
[2026-07-07 02:48:29.631] [INF] [ClientState] Cleared Program buffer after confirmation ID 7
[2026-07-07 02:48:35.191] [INF] [RobotCtrl] Clear Error Request.
[2026-07-07 02:48:35.191] [INF] [MotionManager] Reset requested.
[2026-07-07 02:48:35.209] [INF] [MotionManager] RT Loop reset complete.
[2026-07-07 02:48:35.222] [INF] [HardwareManager] Forwarding clear-drive-errors request. axis_id=-1
[2026-07-07 02:48:35.222] [INF] [RobotCtrl] Starting program: SyncedProgram
[2026-07-07 02:48:35.222] [INF] [RobotCtrl] New program version received. Generating trajectory preview...
[2026-07-07 02:48:35.222] [INF] [Interpolator] Created MotionSegment of type 1 with 26 points. Duration: 0.419 s
[2026-07-07 02:48:35.222] [INF] [Interpolator] Created MotionSegment of type 1 with 25 points. Duration: 0.409 s
[2026-07-07 02:48:35.222] [INF] [Interpolator] Created MotionSegment of type 1 with 27 points. Duration: 0.445 s
[2026-07-07 02:48:35.222] [INF] [Interpolator] Created MotionSegment of type 1 with 30 points. Duration: 0.495 s
[2026-07-07 02:48:35.222] [INF] [Interpolator] Created MotionSegment of type 1 with 35 points. Duration: 0.569 s
[2026-07-07 02:48:35.222] [INF] [Interpolator] Created MotionSegment of type 1 with 42 points. Duration: 0.690 s
[2026-07-07 02:48:35.223] [INF] [Interpolator] Created MotionSegment of type 3 with 119 points. Duration: 1.968 s
[2026-07-07 02:48:35.223] [INF] [Interpolator] Created MotionSegment of type 3 with 40 points. Duration: 0.664 s
[2026-07-07 02:48:35.224] [INF] [Interpolator] Created MotionSegment of type 3 with 40 points. Duration: 0.664 s
[2026-07-07 02:48:35.224] [INF] [Interpolator] Created MotionSegment of type 3 with 40 points. Duration: 0.664 s
[2026-07-07 02:48:35.225] [INF] [Interpolator] Created MotionSegment of type 3 with 40 points. Duration: 0.664 s
[2026-07-07 02:48:35.225] [INF] [Interpolator] Created MotionSegment of type 3 with 40 points. Duration: 0.664 s
[2026-07-07 02:48:35.225] [INF] [Interpolator] Created MotionSegment of type 3 with 19 points. Duration: 0.316 s
[2026-07-07 02:48:35.226] [INF] [Interpolator] Created MotionSegment of type 5 with 65 points. Duration: 1.071 s
[2026-07-07 02:48:35.226] [INF] [Interpolator] Created MotionSegment of type 3 with 19 points. Duration: 0.316 s
[2026-07-07 02:48:35.227] [INF] [Interpolator] Created SPLINE MotionSegment: 5 authored point(s), 188 rendered points, duration 3.121 s.
[2026-07-07 02:48:35.227] [INF] [Interpolator] Created MotionSegment of type 1 with 105 points. Duration: 0.419 s
[2026-07-07 02:48:35.227] [INF] [Interpolator] Created MotionSegment of type 1 with 103 points. Duration: 0.409 s
[2026-07-07 02:48:35.227] [INF] [Interpolator] Created MotionSegment of type 1 with 112 points. Duration: 0.445 s
[2026-07-07 02:48:35.227] [INF] [Interpolator] Created MotionSegment of type 1 with 124 points. Duration: 0.495 s
[2026-07-07 02:48:35.227] [INF] [Interpolator] Created MotionSegment of type 1 with 143 points. Duration: 0.569 s
[2026-07-07 02:48:35.227] [INF] [Interpolator] Created MotionSegment of type 1 with 173 points. Duration: 0.690 s
[2026-07-07 02:48:35.228] [INF] [TrajPlanner] planMotionChain: fused 6 waypoint(s) into 755 continuous points.
[2026-07-07 02:48:35.232] [INF] [ClientState] Synced to new trajectory version 8
[2026-07-07 02:48:35.518] [CRT] [MotionManager] Following Error on Axis 2! Error: 5.01 deg, Limit: 5.00 deg. Entering ERROR state.
[2026-07-07 02:48:35.521] [ERR] [RobotCtrl] Safety Error Detected! Code: 12
[2026-07-07 02:48:35.521] [WRN] [TrajPlanner] Trajectory override requested. Clearing all buffers.
[2026-07-07 02:48:35.521] [INF] [MotionManager] Reset requested.
[2026-07-07 02:48:35.536] [INF] [MotionManager] RT Loop reset complete.
[2026-07-07 02:48:35.549] [INF] [Interpolator] Created MotionSegment of type 1 with 1 points. Duration: 0.000 s
[2026-07-07 02:48:35.549] [INF] [RobotCtrl] Program stopped.
[2026-07-07 02:48:43.708] [INF] [RobotCtrl] Clear Error Request.
[2026-07-07 02:48:43.708] [INF] [MotionManager] Reset requested.
[2026-07-07 02:48:43.724] [INF] [MotionManager] RT Loop reset complete.
[2026-07-07 02:48:43.737] [INF] [HardwareManager] Forwarding clear-drive-errors request. axis_id=-1
[2026-07-07 02:48:47.723] [INF] [HardwareManager] Mode set to SIMULATION.
[2026-07-07 02:48:47.723] [INF] [RobotState] Simulation mode updated: SIMULATED
[2026-07-07 02:48:47.723] [INF] [RobotCtrl] Mode switched to SIM
[2026-07-07 02:48:47.723] [INF] [MotionManager] Reset requested.
[2026-07-07 02:48:47.723] [INF] [MotionManager] RT Loop reset complete.
[2026-07-07 02:48:47.737] [INF] [RobotCtrl] State synchronized after mode switch.
[2026-07-07 02:48:49.053] [INF] [ClientState] Queued Program update with ReqID 8
[2026-07-07 02:48:49.067] [INF] [RobotCtrl] Starting program: SyncedProgram
[2026-07-07 02:48:49.067] [INF] [RobotCtrl] New program version received. Generating trajectory preview...
[2026-07-07 02:48:49.067] [INF] [Interpolator] Created MotionSegment of type 1 with 15 points. Duration: 0.239 s
[2026-07-07 02:48:49.067] [INF] [Interpolator] Created MotionSegment of type 1 with 25 points. Duration: 0.409 s
[2026-07-07 02:48:49.067] [INF] [Interpolator] Created MotionSegment of type 1 with 27 points. Duration: 0.445 s
[2026-07-07 02:48:49.067] [INF] [Interpolator] Created MotionSegment of type 1 with 30 points. Duration: 0.495 s
[2026-07-07 02:48:49.067] [INF] [Interpolator] Created MotionSegment of type 1 with 35 points. Duration: 0.569 s
[2026-07-07 02:48:49.067] [INF] [Interpolator] Created MotionSegment of type 1 with 42 points. Duration: 0.690 s
[2026-07-07 02:48:49.068] [INF] [Interpolator] Created MotionSegment of type 3 with 119 points. Duration: 1.968 s
[2026-07-07 02:48:49.068] [INF] [Interpolator] Created MotionSegment of type 3 with 40 points. Duration: 0.664 s
[2026-07-07 02:48:49.068] [INF] [Interpolator] Created MotionSegment of type 3 with 40 points. Duration: 0.664 s
[2026-07-07 02:48:49.068] [INF] [Interpolator] Created MotionSegment of type 3 with 40 points. Duration: 0.664 s
[2026-07-07 02:48:49.068] [INF] [Interpolator] Created MotionSegment of type 3 with 40 points. Duration: 0.664 s
[2026-07-07 02:48:49.069] [INF] [Interpolator] Created MotionSegment of type 3 with 40 points. Duration: 0.664 s
[2026-07-07 02:48:49.069] [INF] [Interpolator] Created MotionSegment of type 3 with 19 points. Duration: 0.316 s
[2026-07-07 02:48:49.069] [INF] [Interpolator] Created MotionSegment of type 5 with 65 points. Duration: 1.071 s
[2026-07-07 02:48:49.069] [INF] [Interpolator] Created MotionSegment of type 3 with 19 points. Duration: 0.316 s
[2026-07-07 02:48:49.071] [INF] [Interpolator] Created SPLINE MotionSegment: 5 authored point(s), 188 rendered points, duration 3.121 s.
[2026-07-07 02:48:49.071] [INF] [Interpolator] Created MotionSegment of type 1 with 60 points. Duration: 0.239 s
[2026-07-07 02:48:49.071] [INF] [Interpolator] Created MotionSegment of type 1 with 103 points. Duration: 0.409 s
[2026-07-07 02:48:49.071] [INF] [Interpolator] Created MotionSegment of type 1 with 112 points. Duration: 0.445 s
[2026-07-07 02:48:49.071] [INF] [Interpolator] Created MotionSegment of type 1 with 124 points. Duration: 0.495 s
[2026-07-07 02:48:49.071] [INF] [Interpolator] Created MotionSegment of type 1 with 143 points. Duration: 0.569 s
[2026-07-07 02:48:49.072] [INF] [Interpolator] Created MotionSegment of type 1 with 173 points. Duration: 0.690 s
[2026-07-07 02:48:49.072] [INF] [TrajPlanner] planMotionChain: fused 6 waypoint(s) into 710 continuous points.
[2026-07-07 02:48:49.119] [INF] [ClientState] Synced to new program version 9
[2026-07-07 02:48:49.119] [INF] [ClientState] Synced to new trajectory version 9
[2026-07-07 02:48:49.119] [INF] [ClientState] Cleared Program buffer after confirmation ID 8
[2026-07-07 02:48:51.926] [INF] [RobotCtrl] Waiting 0.7 s (step 8)...
[2026-07-07 02:48:52.633] [INF] [Interpolator] Created MotionSegment of type 3 with 492 points. Duration: 1.968 s
[2026-07-07 02:48:52.633] [INF] [Interpolator] Created MotionSegment of type 3 with 167 points. Duration: 0.664 s
[2026-07-07 02:48:52.634] [INF] [Interpolator] Created MotionSegment of type 3 with 167 points. Duration: 0.664 s
[2026-07-07 02:48:52.635] [INF] [Interpolator] Created MotionSegment of type 3 with 167 points. Duration: 0.664 s
[2026-07-07 02:48:52.636] [INF] [Interpolator] Created MotionSegment of type 3 with 167 points. Duration: 0.664 s
[2026-07-07 02:48:52.637] [INF] [Interpolator] Created MotionSegment of type 3 with 167 points. Duration: 0.664 s
[2026-07-07 02:48:52.637] [INF] [TrajPlanner] planMotionChain: fused 6 waypoint(s) into 1322 continuous points.
[2026-07-07 02:48:57.926] [INF] [RobotCtrl] Waiting 0.7 s (step 16)...
[2026-07-07 02:48:58.631] [INF] [Interpolator] Created MotionSegment of type 3 with 80 points. Duration: 0.316 s
[2026-07-07 02:48:58.632] [INF] [Interpolator] Created MotionSegment of type 5 with 268 points. Duration: 1.071 s
[2026-07-07 02:48:58.632] [INF] [TrajPlanner] planMotionChain: fused 2 waypoint(s) into 347 continuous points.
[2026-07-07 02:49:00.020] [INF] [RobotCtrl] Waiting 0.7 s (step 20)...
[2026-07-07 02:49:00.723] [INF] [Interpolator] Created MotionSegment of type 3 with 80 points. Duration: 0.316 s
[2026-07-07 02:49:00.728] [INF] [Interpolator] Created SPLINE MotionSegment: 5 authored point(s), 781 rendered points, duration 3.121 s.
[2026-07-07 02:49:00.728] [INF] [TrajPlanner] planMotionChain: fused 6 waypoint(s) into 860 continuous points.
[2026-07-07 02:49:04.160] [INF] [RobotCtrl] Waiting 0.7 s (step 28)...
[2026-07-07 02:49:04.862] [INF] [RobotCtrl] Program finished successfully.
[2026-07-07 02:49:04.862] [WRN] [TrajPlanner] Trajectory override requested. Clearing all buffers.
[2026-07-07 02:49:04.862] [INF] [MotionManager] Reset requested.
[2026-07-07 02:49:04.863] [INF] [MotionManager] RT Loop reset complete.
[2026-07-07 02:49:04.879] [INF] [Interpolator] Created MotionSegment of type 1 with 1 points. Duration: 0.000 s
[2026-07-07 02:49:04.879] [INF] [RobotCtrl] Program stopped.
[2026-07-07 02:49:32.065] [INF] [HardwareManager] Mode set to REAL.
[2026-07-07 02:49:32.065] [INF] [RobotState] Simulation mode updated: REAL
[2026-07-07 02:49:32.065] [INF] [RobotCtrl] Mode switched to REAL
[2026-07-07 02:49:32.065] [INF] [MotionManager] Reset requested.
[2026-07-07 02:49:32.066] [INF] [MotionManager] RT Loop reset complete.
[2026-07-07 02:49:32.082] [INF] [RobotCtrl] State synchronized after mode switch.
[2026-07-07 02:49:37.463] [INF] [ClientState] Queued Program update with ReqID 9
[2026-07-07 02:49:37.489] [INF] [RobotCtrl] Starting program: SyncedProgram
[2026-07-07 02:49:37.489] [INF] [RobotCtrl] New program version received. Generating trajectory preview...
[2026-07-07 02:49:37.489] [INF] [Interpolator] Created MotionSegment of type 1 with 15 points. Duration: 0.239 s
[2026-07-07 02:49:37.489] [INF] [Interpolator] Created MotionSegment of type 1 with 25 points. Duration: 0.409 s
[2026-07-07 02:49:37.489] [INF] [Interpolator] Created MotionSegment of type 1 with 27 points. Duration: 0.445 s
[2026-07-07 02:49:37.489] [INF] [Interpolator] Created MotionSegment of type 1 with 30 points. Duration: 0.495 s
[2026-07-07 02:49:37.490] [INF] [Interpolator] Created MotionSegment of type 1 with 35 points. Duration: 0.569 s
[2026-07-07 02:49:37.490] [INF] [Interpolator] Created MotionSegment of type 1 with 42 points. Duration: 0.690 s
[2026-07-07 02:49:37.490] [INF] [Interpolator] Created MotionSegment of type 3 with 119 points. Duration: 1.968 s
[2026-07-07 02:49:37.490] [INF] [Interpolator] Created MotionSegment of type 3 with 40 points. Duration: 0.664 s
[2026-07-07 02:49:37.491] [INF] [Interpolator] Created MotionSegment of type 3 with 40 points. Duration: 0.664 s
[2026-07-07 02:49:37.491] [INF] [Interpolator] Created MotionSegment of type 3 with 40 points. Duration: 0.664 s
[2026-07-07 02:49:37.491] [INF] [Interpolator] Created MotionSegment of type 3 with 40 points. Duration: 0.664 s
[2026-07-07 02:49:37.491] [INF] [Interpolator] Created MotionSegment of type 3 with 40 points. Duration: 0.664 s
[2026-07-07 02:49:37.491] [INF] [Interpolator] Created MotionSegment of type 3 with 19 points. Duration: 0.316 s
[2026-07-07 02:49:37.492] [INF] [Interpolator] Created MotionSegment of type 5 with 65 points. Duration: 1.071 s
[2026-07-07 02:49:37.492] [INF] [Interpolator] Created MotionSegment of type 3 with 19 points. Duration: 0.316 s
[2026-07-07 02:49:37.493] [INF] [Interpolator] Created SPLINE MotionSegment: 5 authored point(s), 188 rendered points, duration 3.121 s.
[2026-07-07 02:49:37.493] [INF] [Interpolator] Created MotionSegment of type 1 with 60 points. Duration: 0.239 s
[2026-07-07 02:49:37.493] [INF] [Interpolator] Created MotionSegment of type 1 with 103 points. Duration: 0.409 s
[2026-07-07 02:49:37.494] [INF] [Interpolator] Created MotionSegment of type 1 with 112 points. Duration: 0.445 s
[2026-07-07 02:49:37.494] [INF] [Interpolator] Created MotionSegment of type 1 with 124 points. Duration: 0.495 s
[2026-07-07 02:49:37.494] [INF] [Interpolator] Created MotionSegment of type 1 with 143 points. Duration: 0.569 s
[2026-07-07 02:49:37.494] [INF] [Interpolator] Created MotionSegment of type 1 with 173 points. Duration: 0.690 s
[2026-07-07 02:49:37.494] [INF] [TrajPlanner] planMotionChain: fused 6 waypoint(s) into 710 continuous points.
[2026-07-07 02:49:37.570] [INF] [ClientState] Synced to new program version 10
[2026-07-07 02:49:37.570] [INF] [ClientState] Synced to new trajectory version 10
[2026-07-07 02:49:37.570] [INF] [ClientState] Cleared Program buffer after confirmation ID 9
[2026-07-07 02:49:38.396] [CRT] [MotionManager] Following Error on Axis 1! Error: 5.41 deg, Limit: 5.00 deg. Entering ERROR state.
[2026-07-07 02:49:38.409] [ERR] [RobotCtrl] Safety Error Detected! Code: 12
[2026-07-07 02:49:38.409] [WRN] [TrajPlanner] Trajectory override requested. Clearing all buffers.
[2026-07-07 02:49:38.409] [INF] [MotionManager] Reset requested.
[2026-07-07 02:49:38.424] [INF] [MotionManager] RT Loop reset complete.
[2026-07-07 02:49:38.440] [INF] [Interpolator] Created MotionSegment of type 1 with 1 points. Duration: 0.000 s
[2026-07-07 02:49:38.440] [INF] [RobotCtrl] Program stopped.
[2026-07-07 02:50:15.520] [INF] [HardwareManager] Mode set to SIMULATION.
[2026-07-07 02:50:15.520] [INF] [RobotState] Simulation mode updated: SIMULATED
[2026-07-07 02:50:15.520] [INF] [RobotCtrl] Mode switched to SIM
[2026-07-07 02:50:15.520] [INF] [MotionManager] Reset requested.
[2026-07-07 02:50:15.534] [INF] [MotionManager] RT Loop reset complete.
[2026-07-07 02:50:15.550] [INF] [RobotCtrl] State synchronized after mode switch.
[2026-07-07 02:50:16.650] [INF] [ClientState] Queued Program update with ReqID 10
[2026-07-07 02:50:16.725] [INF] [ClientState] Synced to new program version 11
[2026-07-07 02:50:16.725] [INF] [ClientState] Cleared Program buffer after confirmation ID 10
[2026-07-07 02:50:17.600] [INF] [ClientState] Queued Program update with ReqID 11
[2026-07-07 02:50:17.707] [INF] [ClientState] Synced to new program version 12
[2026-07-07 02:50:17.707] [INF] [ClientState] Cleared Program buffer after confirmation ID 11
[2026-07-07 02:50:19.660] [INF] [RobotCtrl] Clear Error Request.
[2026-07-07 02:50:19.660] [INF] [MotionManager] Reset requested.
[2026-07-07 02:50:19.676] [INF] [MotionManager] RT Loop reset complete.
[2026-07-07 02:50:19.692] [INF] [HardwareManager] Forwarding clear-drive-errors request. axis_id=-1
[2026-07-07 02:50:19.692] [INF] [RobotCtrl] Starting program: SyncedProgram
[2026-07-07 02:50:19.692] [INF] [RobotCtrl] New program version received. Generating trajectory preview...
[2026-07-07 02:50:19.692] [INF] [Interpolator] Created MotionSegment of type 1 with 25 points. Duration: 0.403 s
[2026-07-07 02:50:19.692] [INF] [Interpolator] Created MotionSegment of type 1 with 25 points. Duration: 0.409 s
[2026-07-07 02:50:19.692] [INF] [Interpolator] Created MotionSegment of type 1 with 27 points. Duration: 0.445 s
[2026-07-07 02:50:19.692] [INF] [Interpolator] Created MotionSegment of type 1 with 30 points. Duration: 0.495 s
[2026-07-07 02:50:19.692] [INF] [Interpolator] Created MotionSegment of type 1 with 35 points. Duration: 0.569 s
[2026-07-07 02:50:19.692] [INF] [Interpolator] Created MotionSegment of type 1 with 42 points. Duration: 0.690 s
[2026-07-07 02:50:19.693] [INF] [Interpolator] Created MotionSegment of type 3 with 119 points. Duration: 1.968 s
[2026-07-07 02:50:19.694] [INF] [Interpolator] Created MotionSegment of type 3 with 40 points. Duration: 0.664 s
[2026-07-07 02:50:19.694] [INF] [Interpolator] Created MotionSegment of type 3 with 40 points. Duration: 0.664 s
[2026-07-07 02:50:19.694] [INF] [Interpolator] Created MotionSegment of type 3 with 40 points. Duration: 0.664 s
[2026-07-07 02:50:19.695] [INF] [Interpolator] Created MotionSegment of type 3 with 40 points. Duration: 0.664 s
[2026-07-07 02:50:19.695] [INF] [Interpolator] Created MotionSegment of type 3 with 40 points. Duration: 0.664 s
[2026-07-07 02:50:19.695] [INF] [Interpolator] Created MotionSegment of type 3 with 19 points. Duration: 0.316 s
[2026-07-07 02:50:19.696] [INF] [Interpolator] Created MotionSegment of type 5 with 65 points. Duration: 1.071 s
[2026-07-07 02:50:19.696] [INF] [Interpolator] Created MotionSegment of type 3 with 19 points. Duration: 0.316 s
[2026-07-07 02:50:19.698] [INF] [Interpolator] Created SPLINE MotionSegment: 5 authored point(s), 188 rendered points, duration 3.121 s.
[2026-07-07 02:50:19.698] [INF] [Interpolator] Created MotionSegment of type 1 with 101 points. Duration: 0.403 s
[2026-07-07 02:50:19.698] [INF] [Interpolator] Created MotionSegment of type 1 with 103 points. Duration: 0.409 s
[2026-07-07 02:50:19.698] [INF] [Interpolator] Created MotionSegment of type 1 with 112 points. Duration: 0.445 s
[2026-07-07 02:50:19.698] [INF] [Interpolator] Created MotionSegment of type 1 with 124 points. Duration: 0.495 s
[2026-07-07 02:50:19.699] [INF] [Interpolator] Created MotionSegment of type 1 with 143 points. Duration: 0.569 s
[2026-07-07 02:50:19.699] [INF] [Interpolator] Created MotionSegment of type 1 with 173 points. Duration: 0.690 s
[2026-07-07 02:50:19.699] [INF] [TrajPlanner] planMotionChain: fused 6 waypoint(s) into 751 continuous points.
[2026-07-07 02:50:19.704] [INF] [ClientState] Synced to new trajectory version 11
[2026-07-07 02:50:22.707] [INF] [RobotCtrl] Waiting 0.7 s (step 8)...
[2026-07-07 02:50:23.413] [INF] [Interpolator] Created MotionSegment of type 3 with 492 points. Duration: 1.968 s
[2026-07-07 02:50:23.414] [INF] [Interpolator] Created MotionSegment of type 3 with 167 points. Duration: 0.664 s
[2026-07-07 02:50:23.414] [INF] [Interpolator] Created MotionSegment of type 3 with 167 points. Duration: 0.664 s
[2026-07-07 02:50:23.415] [INF] [Interpolator] Created MotionSegment of type 3 with 167 points. Duration: 0.664 s
[2026-07-07 02:50:23.416] [INF] [Interpolator] Created MotionSegment of type 3 with 167 points. Duration: 0.664 s
[2026-07-07 02:50:23.417] [INF] [Interpolator] Created MotionSegment of type 3 with 167 points. Duration: 0.664 s
[2026-07-07 02:50:23.417] [INF] [TrajPlanner] planMotionChain: fused 6 waypoint(s) into 1322 continuous points.
[2026-07-07 02:50:28.707] [INF] [RobotCtrl] Waiting 0.7 s (step 16)...
[2026-07-07 02:50:29.410] [INF] [Interpolator] Created MotionSegment of type 3 with 80 points. Duration: 0.316 s
[2026-07-07 02:50:29.412] [INF] [Interpolator] Created MotionSegment of type 5 with 268 points. Duration: 1.071 s
[2026-07-07 02:50:29.412] [INF] [TrajPlanner] planMotionChain: fused 2 waypoint(s) into 347 continuous points.
[2026-07-07 02:50:30.801] [INF] [RobotCtrl] Waiting 0.7 s (step 20)...
[2026-07-07 02:50:31.504] [INF] [Interpolator] Created MotionSegment of type 3 with 80 points. Duration: 0.316 s
[2026-07-07 02:50:31.508] [INF] [Interpolator] Created SPLINE MotionSegment: 5 authored point(s), 781 rendered points, duration 3.121 s.
[2026-07-07 02:50:31.509] [INF] [TrajPlanner] planMotionChain: fused 6 waypoint(s) into 860 continuous points.
[2026-07-07 02:50:34.944] [INF] [RobotCtrl] Waiting 0.7 s (step 28)...
[2026-07-07 02:50:35.660] [INF] [RobotCtrl] Program finished successfully.
[2026-07-07 02:50:35.660] [WRN] [TrajPlanner] Trajectory override requested. Clearing all buffers.
[2026-07-07 02:50:35.660] [INF] [MotionManager] Reset requested.
[2026-07-07 02:50:35.675] [INF] [MotionManager] RT Loop reset complete.
[2026-07-07 02:50:35.676] [INF] [Interpolator] Created MotionSegment of type 1 with 1 points. Duration: 0.000 s
[2026-07-07 02:50:35.676] [INF] [RobotCtrl] Program stopped.
[2026-07-07 02:53:01.640] [WRN] [MotionManager] RT cycle overran its schedule by 33 ms; schedule resynced (missed cycles are dropped, not burst).
[2026-07-07 02:53:30.926] [CRT] [RobotCtrl] E-STOP REQUESTED!
[2026-07-07 02:53:30.926] [CRT] [MotionManager] Emergency Stop requested! Clearing all command queues.
[2026-07-07 02:53:30.926] [CRT] [HardwareManager] Forwarding emergency stop to realtime driver.
[2026-07-07 02:53:32.066] [INF] [RobotCtrl] E-Stop Reset Request.
[2026-07-07 02:54:09.926] [INF] [HardwareManager] Mode set to REAL.
[2026-07-07 02:54:09.926] [INF] [RobotState] Simulation mode updated: REAL
[2026-07-07 02:54:09.926] [INF] [RobotCtrl] Mode switched to REAL
[2026-07-07 02:54:09.926] [INF] [MotionManager] Reset requested.
[2026-07-07 02:54:09.940] [INF] [MotionManager] RT Loop reset complete.
[2026-07-07 02:54:09.941] [INF] [RobotCtrl] State synchronized after mode switch.
[2026-07-07 02:54:19.317] [DBG] [RobotCtrl] Jog cmd: frame=0, axis=0, inc=-10, toolId=0, baseId=0
[2026-07-07 02:54:19.317] [INF] [MotionManager] Reset requested.
[2026-07-07 02:54:19.332] [INF] [MotionManager] RT Loop reset complete.
[2026-07-07 02:54:19.347] [INF] [Interpolator] Created MotionSegment of type 1 with 84 points. Duration: 0.333 s
[2026-07-07 02:54:19.347] [INF] [RobotCtrl] Jog planned successfully to axis 0: -12.079630000000009
[2026-07-07 02:54:21.049] [DBG] [RobotCtrl] Jog cmd: frame=0, axis=0, inc=-10, toolId=0, baseId=0
[2026-07-07 02:54:21.049] [INF] [MotionManager] Reset requested.
[2026-07-07 02:54:21.052] [INF] [MotionManager] RT Loop reset complete.
[2026-07-07 02:54:21.066] [INF] [Interpolator] Created MotionSegment of type 1 with 84 points. Duration: 0.333 s
[2026-07-07 02:54:21.066] [INF] [RobotCtrl] Jog planned successfully to axis 0: -22.07963000000001
[2026-07-07 02:54:22.193] [DBG] [RobotCtrl] Jog cmd: frame=0, axis=0, inc=-10, toolId=0, baseId=0
[2026-07-07 02:54:22.193] [INF] [MotionManager] Reset requested.
[2026-07-07 02:54:22.208] [INF] [MotionManager] RT Loop reset complete.
[2026-07-07 02:54:22.222] [INF] [Interpolator] Created MotionSegment of type 1 with 84 points. Duration: 0.333 s
[2026-07-07 02:54:22.222] [INF] [RobotCtrl] Jog planned successfully to axis 0: -32.07963000000001
[2026-07-07 02:54:26.937] [INF] [ClientState] Queued Program update with ReqID 12
[2026-07-07 02:54:26.959] [INF] [RobotCtrl] Starting program: SyncedProgram
[2026-07-07 02:54:26.959] [INF] [RobotCtrl] New program version received. Generating trajectory preview...
[2026-07-07 02:54:26.959] [INF] [Interpolator] Created MotionSegment of type 1 with 26 points. Duration: 0.422 s
[2026-07-07 02:54:26.959] [INF] [Interpolator] Created MotionSegment of type 1 with 106 points. Duration: 0.422 s
[2026-07-07 02:54:26.959] [INF] [TrajPlanner] planMotionChain: fused 1 waypoint(s) into 106 continuous points.
[2026-07-07 02:54:26.975] [INF] [ClientState] Synced to new program version 13
[2026-07-07 02:54:26.975] [INF] [ClientState] Synced to new trajectory version 12
[2026-07-07 02:54:26.975] [INF] [ClientState] Cleared Program buffer after confirmation ID 12
[2026-07-07 02:54:27.223] [CRT] [MotionManager] Following Error on Axis 1! Error: 5.13 deg, Limit: 5.00 deg. Entering ERROR state.
[2026-07-07 02:54:27.224] [ERR] [RobotCtrl] Safety Error Detected! Code: 12
[2026-07-07 02:54:27.224] [WRN] [TrajPlanner] Trajectory override requested. Clearing all buffers.
[2026-07-07 02:54:27.224] [INF] [MotionManager] Reset requested.
[2026-07-07 02:54:27.240] [INF] [MotionManager] RT Loop reset complete.
[2026-07-07 02:54:27.254] [INF] [Interpolator] Created MotionSegment of type 1 with 1 points. Duration: 0.000 s
[2026-07-07 02:54:27.254] [INF] [RobotCtrl] Program stopped.
[2026-07-07 02:54:35.679] [INF] [ClientState] Queued FileOperation with ReqID 3
[2026-07-07 02:54:35.696] [INF] [RdtServer] Executing FileOp ReqID
[2026-07-07 02:54:35.723] [INF] [ClientState] Received and cleared FileOp response for ID 3
[2026-07-07 02:54:53.928] [INF] [ClientState] Queued FileOperation with ReqID 4
[2026-07-07 02:54:53.936] [INF] [RdtServer] Executing FileOp ReqID
[2026-07-07 02:54:53.937] [INF] [FileManager] Program 'motion_types_demo.json' loaded successfully (format v2).
[2026-07-07 02:54:53.989] [INF] [ClientState] Received and cleared FileOp response for ID 4
[2026-07-07 02:54:53.998] [INF] [ClientState] Queued Program update with ReqID 13
[2026-07-07 02:54:54.099] [INF] [ClientState] Synced to new program version 14
[2026-07-07 02:54:54.099] [INF] [ClientState] Cleared Program buffer after confirmation ID 13
[2026-07-07 02:54:56.006] [INF] [ClientState] Queued Program update with ReqID 14
[2026-07-07 02:54:56.068] [INF] [ClientState] Synced to new program version 15
[2026-07-07 02:54:56.068] [INF] [ClientState] Cleared Program buffer after confirmation ID 14
[2026-07-07 02:54:57.604] [INF] [ClientState] Queued Program update with ReqID 15
[2026-07-07 02:54:57.707] [INF] [ClientState] Synced to new program version 16
[2026-07-07 02:54:57.707] [INF] [ClientState] Cleared Program buffer after confirmation ID 15
[2026-07-07 02:55:00.893] [INF] [RdtServer] Client disconnected: 1
[2026-07-07 02:55:00.893] [INF] [RdtClient] Disconnected from RDT Server.
[2026-07-07 02:55:00.894] [INF] [LoopbackNetwork] Loopback server stopped; 0 client(s) disconnected.
[2026-07-07 02:55:00.894] [INF] [HexaCore] Controller runtime stopped.
[2026-07-07 02:55:00.894] [INF] [HexaStudioDesktop] Shutdown complete.
[2026-07-07 02:55:01.009] [INF] [MotionManager] Stopping RT Loop...
[2026-07-07 02:55:01.020] [INF] [MotionManager] RT thread finishing.
[2026-07-07 02:55:01.021] [INF] [MotionManager] RT Loop stopped and thread joined.
